"anio","empresa","fuente","sector","unidad","variable","valor"
1997,"PAE","Bolsar","produccion","Millones de pesos 2018","activo",0
1997,"PAE","Bolsar","produccion","Millones de pesos 2018","activo_no_corr",12131.2746786748
1997,"PAE","Bolsar","produccion","Millones de pesos 2018","inventarios",0
1997,"PAE","Bolsar","produccion","Millones de pesos 2018","KTA",24974.6577242321
1997,"PAE","Bolsar","produccion","Millones de pesos 2018","ppye",27670.4965417154
1997,"PAE","Bolsar","produccion","Millones de pesos 2018","ppye_neta",24974.6577242321
1997,"Petrobras","Bolsar","integrada","Millones de pesos 2018","activo",105392.038298592
1997,"Petrobras","Bolsar","integrada","Millones de pesos 2018","activo_no_corr",0
1997,"Petrobras","Bolsar","integrada","Millones de pesos 2018","inventarios",661.243483533639
1997,"Petrobras","Bolsar","integrada","Millones de pesos 2018","KTA",35274.7966023522
1997,"Petrobras","Bolsar","integrada","Millones de pesos 2018","ppye",34613.5531188186
1997,"Petrobras","Bolsar","integrada","Millones de pesos 2018","ppye_neta",34613.5531188186
1997,"Tecpetrol","Bolsar","produccion","Millones de pesos 2018","activo",0
1997,"Tecpetrol","Bolsar","produccion","Millones de pesos 2018","activo_no_corr",0
1997,"Tecpetrol","Bolsar","produccion","Millones de pesos 2018","inventarios",0
1997,"Tecpetrol","Bolsar","produccion","Millones de pesos 2018","KTA",0
1997,"Tecpetrol","Bolsar","produccion","Millones de pesos 2018","ppye",0
1997,"Tecpetrol","Bolsar","produccion","Millones de pesos 2018","ppye_neta",0
1998,"Camuzzi Gas Pampeana","Bolsar","distribucion","Millones de pesos 2018","activo",15037.4152636904
1998,"Camuzzi Gas Pampeana","Bolsar","distribucion","Millones de pesos 2018","activo_no_corr",13034.6855563885
1998,"Camuzzi Gas Pampeana","Bolsar","distribucion","Millones de pesos 2018","inventarios",0
1998,"Camuzzi Gas Pampeana","Bolsar","distribucion","Millones de pesos 2018","KTA",11978.4206192443
1998,"Camuzzi Gas Pampeana","Bolsar","distribucion","Millones de pesos 2018","ppye",12288.2455224136
1998,"Camuzzi Gas Pampeana","Bolsar","distribucion","Millones de pesos 2018","ppye_neta",11978.4206192443
1998,"Metrogas","Bolsar","distribucion","Millones de pesos 2018","activo",0
1998,"Metrogas","Bolsar","distribucion","Millones de pesos 2018","activo_no_corr",22426.6361272689
1998,"Metrogas","Bolsar","distribucion","Millones de pesos 2018","inventarios",0
1998,"Metrogas","Bolsar","distribucion","Millones de pesos 2018","KTA",21699.0529781344
1998,"Metrogas","Bolsar","distribucion","Millones de pesos 2018","ppye",21699.0529781344
1998,"Metrogas","Bolsar","distribucion","Millones de pesos 2018","ppye_neta",21699.0529781344
1998,"PAE","Bolsar","produccion","Millones de pesos 2018","activo",0
1998,"PAE","Bolsar","produccion","Millones de pesos 2018","activo_no_corr",30617.3077338142
1998,"PAE","Bolsar","produccion","Millones de pesos 2018","inventarios",0
1998,"PAE","Bolsar","produccion","Millones de pesos 2018","KTA",25199.4302335919
1998,"PAE","Bolsar","produccion","Millones de pesos 2018","ppye",29836.1253965728
1998,"PAE","Bolsar","produccion","Millones de pesos 2018","ppye_neta",25199.4302335919
1998,"Petrobras","Bolsar","integrada","Millones de pesos 2018","activo",116093.775086158
1998,"Petrobras","Bolsar","integrada","Millones de pesos 2018","activo_no_corr",0
1998,"Petrobras","Bolsar","integrada","Millones de pesos 2018","inventarios",655.18518607339
1998,"Petrobras","Bolsar","integrada","Millones de pesos 2018","KTA",40445.085524915
1998,"Petrobras","Bolsar","integrada","Millones de pesos 2018","ppye",39789.9003388416
1998,"Petrobras","Bolsar","integrada","Millones de pesos 2018","ppye_neta",39789.9003388416
1998,"Tecpetrol","Bolsar","produccion","Millones de pesos 2018","activo",0
1998,"Tecpetrol","Bolsar","produccion","Millones de pesos 2018","activo_no_corr",0
1998,"Tecpetrol","Bolsar","produccion","Millones de pesos 2018","inventarios",0
1998,"Tecpetrol","Bolsar","produccion","Millones de pesos 2018","KTA",0
1998,"Tecpetrol","Bolsar","produccion","Millones de pesos 2018","ppye",0
1998,"Tecpetrol","Bolsar","produccion","Millones de pesos 2018","ppye_neta",0
1998,"TGN","Bolsar","transporte","Millones de pesos 2018","activo",0
1998,"TGN","Bolsar","transporte","Millones de pesos 2018","activo_no_corr",26678.7375860247
1998,"TGN","Bolsar","transporte","Millones de pesos 2018","inventarios",0
1998,"TGN","Bolsar","transporte","Millones de pesos 2018","KTA",25934.5732117965
1998,"TGN","Bolsar","transporte","Millones de pesos 2018","ppye",26221.4435255757
1998,"TGN","Bolsar","transporte","Millones de pesos 2018","ppye_neta",25934.5732117965
1998,"TGS","Bolsar","transporte","Millones de pesos 2018","activo",0
1998,"TGS","Bolsar","transporte","Millones de pesos 2018","activo_no_corr",47454.7858335631
1998,"TGS","Bolsar","transporte","Millones de pesos 2018","inventarios",0
1998,"TGS","Bolsar","transporte","Millones de pesos 2018","KTA",42986.5488616937
1998,"TGS","Bolsar","transporte","Millones de pesos 2018","ppye",46569.101459143
1998,"TGS","Bolsar","transporte","Millones de pesos 2018","ppye_neta",42986.5488616937
1998,"YPF","Bolsar","integrada","Millones de pesos 2018","activo",0
1998,"YPF","Bolsar","integrada","Millones de pesos 2018","activo_no_corr",275177.778150824
1998,"YPF","Bolsar","integrada","Millones de pesos 2018","inventarios",6098.26211652925
1998,"YPF","Bolsar","integrada","Millones de pesos 2018","KTA",174400.036764713
1998,"YPF","Bolsar","integrada","Millones de pesos 2018","ppye",190054.10282175
1998,"YPF","Bolsar","integrada","Millones de pesos 2018","ppye_neta",167626.609913853
1999,"Camuzzi Gas Pampeana","Bolsar","distribucion","Millones de pesos 2018","activo",15076.2879424668
1999,"Camuzzi Gas Pampeana","Bolsar","distribucion","Millones de pesos 2018","activo_no_corr",13617.4229730262
1999,"Camuzzi Gas Pampeana","Bolsar","distribucion","Millones de pesos 2018","inventarios",0
1999,"Camuzzi Gas Pampeana","Bolsar","distribucion","Millones de pesos 2018","KTA",12061.9565951869
1999,"Camuzzi Gas Pampeana","Bolsar","distribucion","Millones de pesos 2018","ppye",12792.627069177
1999,"Camuzzi Gas Pampeana","Bolsar","distribucion","Millones de pesos 2018","ppye_neta",12061.9565951869
1999,"Metrogas","Bolsar","distribucion","Millones de pesos 2018","activo",0
1999,"Metrogas","Bolsar","distribucion","Millones de pesos 2018","activo_no_corr",22744.8928111578
1999,"Metrogas","Bolsar","distribucion","Millones de pesos 2018","inventarios",0
1999,"Metrogas","Bolsar","distribucion","Millones de pesos 2018","KTA",20884.2309784583
1999,"Metrogas","Bolsar","distribucion","Millones de pesos 2018","ppye",22185.5418014318
1999,"Metrogas","Bolsar","distribucion","Millones de pesos 2018","ppye_neta",20884.2309784583
1999,"PAE","Bolsar","produccion","Millones de pesos 2018","activo",0
1999,"PAE","Bolsar","produccion","Millones de pesos 2018","activo_no_corr",29346.9328195172
1999,"PAE","Bolsar","produccion","Millones de pesos 2018","inventarios",458.944214379939
1999,"PAE","Bolsar","produccion","Millones de pesos 2018","KTA",32381.2176103726
1999,"PAE","Bolsar","produccion","Millones de pesos 2018","ppye",34624.7912848865
1999,"PAE","Bolsar","produccion","Millones de pesos 2018","ppye_neta",31871.1259986069
1999,"Petrobras","Bolsar","integrada","Millones de pesos 2018","activo",111242.978185537
1999,"Petrobras","Bolsar","integrada","Millones de pesos 2018","activo_no_corr",0
1999,"Petrobras","Bolsar","integrada","Millones de pesos 2018","inventarios",688.416321569908
1999,"Petrobras","Bolsar","integrada","Millones de pesos 2018","KTA",34471.8098800932
1999,"Petrobras","Bolsar","integrada","Millones de pesos 2018","ppye",33783.3935585233
1999,"Petrobras","Bolsar","integrada","Millones de pesos 2018","ppye_neta",33783.3935585233
1999,"Tecpetrol","Bolsar","produccion","Millones de pesos 2018","activo",0
1999,"Tecpetrol","Bolsar","produccion","Millones de pesos 2018","activo_no_corr",10762.4712993168
1999,"Tecpetrol","Bolsar","produccion","Millones de pesos 2018","inventarios",53.4924978760618
1999,"Tecpetrol","Bolsar","produccion","Millones de pesos 2018","KTA",4948.10767461925
1999,"Tecpetrol","Bolsar","produccion","Millones de pesos 2018","ppye",5134.94833639154
1999,"Tecpetrol","Bolsar","produccion","Millones de pesos 2018","ppye_neta",4881.63662695462
1999,"TGN","Bolsar","transporte","Millones de pesos 2018","activo",0
1999,"TGN","Bolsar","transporte","Millones de pesos 2018","activo_no_corr",29431.4040518639
1999,"TGN","Bolsar","transporte","Millones de pesos 2018","inventarios",0
1999,"TGN","Bolsar","transporte","Millones de pesos 2018","KTA",25886.4424492909
1999,"TGN","Bolsar","transporte","Millones de pesos 2018","ppye",28856.6019202538
1999,"TGN","Bolsar","transporte","Millones de pesos 2018","ppye_neta",25886.4424492909
1999,"TGS","Bolsar","transporte","Millones de pesos 2018","activo",0
1999,"TGS","Bolsar","transporte","Millones de pesos 2018","activo_no_corr",51154.3810790024
1999,"TGS","Bolsar","transporte","Millones de pesos 2018","inventarios",0
1999,"TGS","Bolsar","transporte","Millones de pesos 2018","KTA",47098.5125782212
1999,"TGS","Bolsar","transporte","Millones de pesos 2018","ppye",49713.1687613454
1999,"TGS","Bolsar","transporte","Millones de pesos 2018","ppye_neta",47098.5125782212
1999,"YPF","Bolsar","integrada","Millones de pesos 2018","activo",0
1999,"YPF","Bolsar","integrada","Millones de pesos 2018","activo_no_corr",267360.501777113
1999,"YPF","Bolsar","integrada","Millones de pesos 2018","inventarios",6348.72829892249
1999,"YPF","Bolsar","integrada","Millones de pesos 2018","KTA",164706.634836368
1999,"YPF","Bolsar","integrada","Millones de pesos 2018","ppye",182685.294224015
1999,"YPF","Bolsar","integrada","Millones de pesos 2018","ppye_neta",157596.343837911
2000,"Camuzzi Gas Pampeana","Bolsar","distribucion","Millones de pesos 2018","activo",15822.2775280987
2000,"Camuzzi Gas Pampeana","Bolsar","distribucion","Millones de pesos 2018","activo_no_corr",14052.7598648102
2000,"Camuzzi Gas Pampeana","Bolsar","distribucion","Millones de pesos 2018","inventarios",0
2000,"Camuzzi Gas Pampeana","Bolsar","distribucion","Millones de pesos 2018","KTA",12566.7562702611
2000,"Camuzzi Gas Pampeana","Bolsar","distribucion","Millones de pesos 2018","ppye",13120.3025330288
2000,"Camuzzi Gas Pampeana","Bolsar","distribucion","Millones de pesos 2018","ppye_neta",12566.7562702611
2000,"Metrogas","Bolsar","distribucion","Millones de pesos 2018","activo",0
2000,"Metrogas","Bolsar","distribucion","Millones de pesos 2018","activo_no_corr",23249.8134091613
2000,"Metrogas","Bolsar","distribucion","Millones de pesos 2018","inventarios",0
2000,"Metrogas","Bolsar","distribucion","Millones de pesos 2018","KTA",21344.0066100689
2000,"Metrogas","Bolsar","distribucion","Millones de pesos 2018","ppye",22623.1325536774
2000,"Metrogas","Bolsar","distribucion","Millones de pesos 2018","ppye_neta",21344.0066100689
2000,"PAE","Bolsar","produccion","Millones de pesos 2018","activo",0
2000,"PAE","Bolsar","produccion","Millones de pesos 2018","activo_no_corr",31117.8394233601
2000,"PAE","Bolsar","produccion","Millones de pesos 2018","inventarios",489.031388787297
2000,"PAE","Bolsar","produccion","Millones de pesos 2018","KTA",99931.9568946721
2000,"PAE","Bolsar","produccion","Millones de pesos 2018","ppye",112039.665020584
2000,"PAE","Bolsar","produccion","Millones de pesos 2018","ppye_neta",99376.325900408
2000,"Petrobras","Bolsar","integrada","Millones de pesos 2018","activo",308501.590842344
2000,"Petrobras","Bolsar","integrada","Millones de pesos 2018","activo_no_corr",248350.730021507
2000,"Petrobras","Bolsar","integrada","Millones de pesos 2018","inventarios",9548.98132842563
2000,"Petrobras","Bolsar","integrada","Millones de pesos 2018","KTA",178775.681932908
2000,"Petrobras","Bolsar","integrada","Millones de pesos 2018","ppye",167917.93581307
2000,"Petrobras","Bolsar","integrada","Millones de pesos 2018","ppye_neta",167917.93581307
2000,"Tecpetrol","Bolsar","produccion","Millones de pesos 2018","activo",0
2000,"Tecpetrol","Bolsar","produccion","Millones de pesos 2018","activo_no_corr",10904.0358297669
2000,"Tecpetrol","Bolsar","produccion","Millones de pesos 2018","inventarios",133.505569138932
2000,"Tecpetrol","Bolsar","produccion","Millones de pesos 2018","KTA",5137.47668229883
2000,"Tecpetrol","Bolsar","produccion","Millones de pesos 2018","ppye",5479.21063394946
2000,"Tecpetrol","Bolsar","produccion","Millones de pesos 2018","ppye_neta",4983.28132873085
2000,"TGN","Bolsar","transporte","Millones de pesos 2018","activo",0
2000,"TGN","Bolsar","transporte","Millones de pesos 2018","activo_no_corr",32261.7095802277
2000,"TGN","Bolsar","transporte","Millones de pesos 2018","inventarios",0
2000,"TGN","Bolsar","transporte","Millones de pesos 2018","KTA",29992.320812819
2000,"TGN","Bolsar","transporte","Millones de pesos 2018","ppye",31508.6784569777
2000,"TGN","Bolsar","transporte","Millones de pesos 2018","ppye_neta",29992.320812819
2000,"TGS","Bolsar","transporte","Millones de pesos 2018","activo",0
2000,"TGS","Bolsar","transporte","Millones de pesos 2018","activo_no_corr",51896.0367166021
2000,"TGS","Bolsar","transporte","Millones de pesos 2018","inventarios",0
2000,"TGS","Bolsar","transporte","Millones de pesos 2018","KTA",47179.4834027135
2000,"TGS","Bolsar","transporte","Millones de pesos 2018","ppye",49869.3362105026
2000,"TGS","Bolsar","transporte","Millones de pesos 2018","ppye_neta",47179.4834027135
2000,"YPF","Bolsar","integrada","Millones de pesos 2018","activo",0
2000,"YPF","Bolsar","integrada","Millones de pesos 2018","activo_no_corr",276328.473158969
2000,"YPF","Bolsar","integrada","Millones de pesos 2018","inventarios",7901.71770303684
2000,"YPF","Bolsar","integrada","Millones de pesos 2018","KTA",175396.19785439
2000,"YPF","Bolsar","integrada","Millones de pesos 2018","ppye",191571.611933887
2000,"YPF","Bolsar","integrada","Millones de pesos 2018","ppye_neta",166708.226588175
2001,"Camuzzi Gas Pampeana","Bolsar","distribucion","Millones de pesos 2018","activo",15901.3961427976
2001,"Camuzzi Gas Pampeana","Bolsar","distribucion","Millones de pesos 2018","activo_no_corr",13909.311629877
2001,"Camuzzi Gas Pampeana","Bolsar","distribucion","Millones de pesos 2018","inventarios",0
2001,"Camuzzi Gas Pampeana","Bolsar","distribucion","Millones de pesos 2018","KTA",12175.2226039656
2001,"Camuzzi Gas Pampeana","Bolsar","distribucion","Millones de pesos 2018","ppye",13221.8535513913
2001,"Camuzzi Gas Pampeana","Bolsar","distribucion","Millones de pesos 2018","ppye_neta",12175.2226039656
2001,"Metrogas","Bolsar","distribucion","Millones de pesos 2018","activo",0
2001,"Metrogas","Bolsar","distribucion","Millones de pesos 2018","activo_no_corr",25100.6068958267
2001,"Metrogas","Bolsar","distribucion","Millones de pesos 2018","inventarios",17.9768179839663
2001,"Metrogas","Bolsar","distribucion","Millones de pesos 2018","KTA",22031.4752453449
2001,"Metrogas","Bolsar","distribucion","Millones de pesos 2018","ppye",23614.5926509003
2001,"Metrogas","Bolsar","distribucion","Millones de pesos 2018","ppye_neta",22012.1063160836
2001,"PAE","Bolsar","produccion","Millones de pesos 2018","activo",0
2001,"PAE","Bolsar","produccion","Millones de pesos 2018","activo_no_corr",36630.0430121919
2001,"PAE","Bolsar","produccion","Millones de pesos 2018","inventarios",780.469666452952
2001,"PAE","Bolsar","produccion","Millones de pesos 2018","KTA",99208.9785049623
2001,"PAE","Bolsar","produccion","Millones de pesos 2018","ppye",100836.680905721
2001,"PAE","Bolsar","produccion","Millones de pesos 2018","ppye_neta",98339.1779730719
2001,"Petrobras","Bolsar","integrada","Millones de pesos 2018","activo",351575.569081506
2001,"Petrobras","Bolsar","integrada","Millones de pesos 2018","activo_no_corr",277639.076012863
2001,"Petrobras","Bolsar","integrada","Millones de pesos 2018","inventarios",8845.32288646679
2001,"Petrobras","Bolsar","integrada","Millones de pesos 2018","KTA",211615.739243149
2001,"Petrobras","Bolsar","integrada","Millones de pesos 2018","ppye",201517.267878152
2001,"Petrobras","Bolsar","integrada","Millones de pesos 2018","ppye_neta",201517.267878152
2001,"Tecpetrol","Bolsar","produccion","Millones de pesos 2018","activo",0
2001,"Tecpetrol","Bolsar","produccion","Millones de pesos 2018","activo_no_corr",12147.9843426846
2001,"Tecpetrol","Bolsar","produccion","Millones de pesos 2018","inventarios",198.473436178986
2001,"Tecpetrol","Bolsar","produccion","Millones de pesos 2018","KTA",5941.88302658197
2001,"Tecpetrol","Bolsar","produccion","Millones de pesos 2018","ppye",6146.66690511687
2001,"Tecpetrol","Bolsar","produccion","Millones de pesos 2018","ppye_neta",5708.22506215915
2001,"TGN","Bolsar","transporte","Millones de pesos 2018","activo",0
2001,"TGN","Bolsar","transporte","Millones de pesos 2018","activo_no_corr",31874.6933658051
2001,"TGN","Bolsar","transporte","Millones de pesos 2018","inventarios",0
2001,"TGN","Bolsar","transporte","Millones de pesos 2018","KTA",30524.8970933303
2001,"TGN","Bolsar","transporte","Millones de pesos 2018","ppye",31139.2047677954
2001,"TGN","Bolsar","transporte","Millones de pesos 2018","ppye_neta",30524.8970933303
2001,"TGS","Bolsar","transporte","Millones de pesos 2018","activo",0
2001,"TGS","Bolsar","transporte","Millones de pesos 2018","activo_no_corr",55125.092854683
2001,"TGS","Bolsar","transporte","Millones de pesos 2018","inventarios",0
2001,"TGS","Bolsar","transporte","Millones de pesos 2018","KTA",52541.1398986461
2001,"TGS","Bolsar","transporte","Millones de pesos 2018","ppye",53344.945608126
2001,"TGS","Bolsar","transporte","Millones de pesos 2018","ppye_neta",52541.1398986461
2001,"YPF","Bolsar","integrada","Millones de pesos 2018","activo",0
2001,"YPF","Bolsar","integrada","Millones de pesos 2018","activo_no_corr",282972.285400292
2001,"YPF","Bolsar","integrada","Millones de pesos 2018","inventarios",7128.28962027029
2001,"YPF","Bolsar","integrada","Millones de pesos 2018","KTA",201999.808052922
2001,"YPF","Bolsar","integrada","Millones de pesos 2018","ppye",227350.813837745
2001,"YPF","Bolsar","integrada","Millones de pesos 2018","ppye_neta",194441.009568979
2002,"Camuzzi Gas Pampeana","Bolsar","distribucion","Millones de pesos 2018","activo",24845.7521218889
2002,"Camuzzi Gas Pampeana","Bolsar","distribucion","Millones de pesos 2018","activo_no_corr",22301.3605301946
2002,"Camuzzi Gas Pampeana","Bolsar","distribucion","Millones de pesos 2018","inventarios",0
2002,"Camuzzi Gas Pampeana","Bolsar","distribucion","Millones de pesos 2018","KTA",21103.1094286494
2002,"Camuzzi Gas Pampeana","Bolsar","distribucion","Millones de pesos 2018","ppye",21749.1302618428
2002,"Camuzzi Gas Pampeana","Bolsar","distribucion","Millones de pesos 2018","ppye_neta",21103.1094286494
2002,"Metrogas","Bolsar","distribucion","Millones de pesos 2018","activo",0
2002,"Metrogas","Bolsar","distribucion","Millones de pesos 2018","activo_no_corr",43341.3551260606
2002,"Metrogas","Bolsar","distribucion","Millones de pesos 2018","inventarios",0
2002,"Metrogas","Bolsar","distribucion","Millones de pesos 2018","KTA",37753.7407312231
2002,"Metrogas","Bolsar","distribucion","Millones de pesos 2018","ppye",38929.5127525176
2002,"Metrogas","Bolsar","distribucion","Millones de pesos 2018","ppye_neta",37753.7407312231
2002,"PAE","Bolsar","produccion","Millones de pesos 2018","activo",0
2002,"PAE","Bolsar","produccion","Millones de pesos 2018","activo_no_corr",91625.3097492942
2002,"PAE","Bolsar","produccion","Millones de pesos 2018","inventarios",2480.27005863192
2002,"PAE","Bolsar","produccion","Millones de pesos 2018","KTA",85052.207357424
2002,"PAE","Bolsar","produccion","Millones de pesos 2018","ppye",85362.6278512486
2002,"PAE","Bolsar","produccion","Millones de pesos 2018","ppye_neta",82386.3037808903
2002,"Petrobras","Bolsar","integrada","Millones de pesos 2018","activo",282275.401589468
2002,"Petrobras","Bolsar","integrada","Millones de pesos 2018","activo_no_corr",222914.271519544
2002,"Petrobras","Bolsar","integrada","Millones de pesos 2018","inventarios",7296.1277558089
2002,"Petrobras","Bolsar","integrada","Millones de pesos 2018","KTA",190420.602406713
2002,"Petrobras","Bolsar","integrada","Millones de pesos 2018","ppye",182485.869563844
2002,"Petrobras","Bolsar","integrada","Millones de pesos 2018","ppye_neta",182485.869563844
2002,"Tecpetrol","Bolsar","produccion","Millones de pesos 2018","activo",0
2002,"Tecpetrol","Bolsar","produccion","Millones de pesos 2018","activo_no_corr",21471.8632489138
2002,"Tecpetrol","Bolsar","produccion","Millones de pesos 2018","inventarios",404.862749237351
2002,"Tecpetrol","Bolsar","produccion","Millones de pesos 2018","KTA",9698.99463343448
2002,"Tecpetrol","Bolsar","produccion","Millones de pesos 2018","ppye",9774.47560514539
2002,"Tecpetrol","Bolsar","produccion","Millones de pesos 2018","ppye_neta",9260.97702733996
2002,"TGN","Bolsar","transporte","Millones de pesos 2018","activo",0
2002,"TGN","Bolsar","transporte","Millones de pesos 2018","activo_no_corr",62648.7900393921
2002,"TGN","Bolsar","transporte","Millones de pesos 2018","inventarios",0
2002,"TGN","Bolsar","transporte","Millones de pesos 2018","KTA",61133.4277092366
2002,"TGN","Bolsar","transporte","Millones de pesos 2018","ppye",61584.0721099729
2002,"TGN","Bolsar","transporte","Millones de pesos 2018","ppye_neta",61133.4277092366
2002,"TGS","Bolsar","transporte","Millones de pesos 2018","activo",0
2002,"TGS","Bolsar","transporte","Millones de pesos 2018","activo_no_corr",104455.271377503
2002,"TGS","Bolsar","transporte","Millones de pesos 2018","inventarios",0
2002,"TGS","Bolsar","transporte","Millones de pesos 2018","KTA",101146.033058524
2002,"TGS","Bolsar","transporte","Millones de pesos 2018","ppye",101776.807072269
2002,"TGS","Bolsar","transporte","Millones de pesos 2018","ppye_neta",101146.033058524
2002,"YPF","Bolsar","integrada","Millones de pesos 2018","activo",0
2002,"YPF","Bolsar","integrada","Millones de pesos 2018","activo_no_corr",438201.712608795
2002,"YPF","Bolsar","integrada","Millones de pesos 2018","inventarios",12938.7421391965
2002,"YPF","Bolsar","integrada","Millones de pesos 2018","KTA",351269.942514347
2002,"YPF","Bolsar","integrada","Millones de pesos 2018","ppye",393226.148878936
2002,"YPF","Bolsar","integrada","Millones de pesos 2018","ppye_neta",337688.768482736
2003,"Camuzzi Gas Pampeana","Bolsar","distribucion","Millones de pesos 2018","activo",21850.2722464587
2003,"Camuzzi Gas Pampeana","Bolsar","distribucion","Millones de pesos 2018","activo_no_corr",20177.1678132226
2003,"Camuzzi Gas Pampeana","Bolsar","distribucion","Millones de pesos 2018","inventarios",0
2003,"Camuzzi Gas Pampeana","Bolsar","distribucion","Millones de pesos 2018","KTA",18252.4461311819
2003,"Camuzzi Gas Pampeana","Bolsar","distribucion","Millones de pesos 2018","ppye",18715.768702338
2003,"Camuzzi Gas Pampeana","Bolsar","distribucion","Millones de pesos 2018","ppye_neta",18252.4461311819
2003,"Metrogas","Bolsar","distribucion","Millones de pesos 2018","activo",0
2003,"Metrogas","Bolsar","distribucion","Millones de pesos 2018","activo_no_corr",36574.8838682734
2003,"Metrogas","Bolsar","distribucion","Millones de pesos 2018","inventarios",0
2003,"Metrogas","Bolsar","distribucion","Millones de pesos 2018","KTA",32632.4197406778
2003,"Metrogas","Bolsar","distribucion","Millones de pesos 2018","ppye",33293.6299246303
2003,"Metrogas","Bolsar","distribucion","Millones de pesos 2018","ppye_neta",32632.4197406778
2003,"PAE","Bolsar","produccion","Millones de pesos 2018","activo",0
2003,"PAE","Bolsar","produccion","Millones de pesos 2018","activo_no_corr",71275.3641294631
2003,"PAE","Bolsar","produccion","Millones de pesos 2018","inventarios",1566.89195172133
2003,"PAE","Bolsar","produccion","Millones de pesos 2018","KTA",81103.2430765
2003,"PAE","Bolsar","produccion","Millones de pesos 2018","ppye",87417.9951669642
2003,"PAE","Bolsar","produccion","Millones de pesos 2018","ppye_neta",79455.997691357
2003,"Petrobras","Bolsar","integrada","Millones de pesos 2018","activo",294138.414751036
2003,"Petrobras","Bolsar","integrada","Millones de pesos 2018","activo_no_corr",239479.393179362
2003,"Petrobras","Bolsar","integrada","Millones de pesos 2018","inventarios",5812.07596045469
2003,"Petrobras","Bolsar","integrada","Millones de pesos 2018","KTA",216933.386198979
2003,"Petrobras","Bolsar","integrada","Millones de pesos 2018","ppye",210601.210115661
2003,"Petrobras","Bolsar","integrada","Millones de pesos 2018","ppye_neta",210601.210115661
2003,"Tecpetrol","Bolsar","produccion","Millones de pesos 2018","activo",0
2003,"Tecpetrol","Bolsar","produccion","Millones de pesos 2018","activo_no_corr",23553.3194018626
2003,"Tecpetrol","Bolsar","produccion","Millones de pesos 2018","inventarios",516.564193200036
2003,"Tecpetrol","Bolsar","produccion","Millones de pesos 2018","KTA",11115.9287426702
2003,"Tecpetrol","Bolsar","produccion","Millones de pesos 2018","ppye",11132.7490973062
2003,"Tecpetrol","Bolsar","produccion","Millones de pesos 2018","ppye_neta",10558.0459248277
2003,"TGN","Bolsar","transporte","Millones de pesos 2018","activo",0
2003,"TGN","Bolsar","transporte","Millones de pesos 2018","activo_no_corr",46886.3629467913
2003,"TGN","Bolsar","transporte","Millones de pesos 2018","inventarios",0
2003,"TGN","Bolsar","transporte","Millones de pesos 2018","KTA",43667.9486582818
2003,"TGN","Bolsar","transporte","Millones de pesos 2018","ppye",44474.4789609196
2003,"TGN","Bolsar","transporte","Millones de pesos 2018","ppye_neta",43667.9486582818
2003,"TGS","Bolsar","transporte","Millones de pesos 2018","activo",0
2003,"TGS","Bolsar","transporte","Millones de pesos 2018","activo_no_corr",84588.5526956327
2003,"TGS","Bolsar","transporte","Millones de pesos 2018","inventarios",0
2003,"TGS","Bolsar","transporte","Millones de pesos 2018","KTA",79319.5505538403
2003,"TGS","Bolsar","transporte","Millones de pesos 2018","ppye",80320.8491700118
2003,"TGS","Bolsar","transporte","Millones de pesos 2018","ppye_neta",79319.5505538403
2003,"YPF","Bolsar","integrada","Millones de pesos 2018","activo",0
2003,"YPF","Bolsar","integrada","Millones de pesos 2018","activo_no_corr",411764.629173279
2003,"YPF","Bolsar","integrada","Millones de pesos 2018","inventarios",17745.9623369369
2003,"YPF","Bolsar","integrada","Millones de pesos 2018","KTA",342890.134688948
2003,"YPF","Bolsar","integrada","Millones de pesos 2018","ppye",374049.904288824
2003,"YPF","Bolsar","integrada","Millones de pesos 2018","ppye_neta",324547.050418744
2004,"Camuzzi Gas Pampeana","Bolsar","distribucion","Millones de pesos 2018","activo",20183.280393038
2004,"Camuzzi Gas Pampeana","Bolsar","distribucion","Millones de pesos 2018","activo_no_corr",18677.3600985242
2004,"Camuzzi Gas Pampeana","Bolsar","distribucion","Millones de pesos 2018","inventarios",0
2004,"Camuzzi Gas Pampeana","Bolsar","distribucion","Millones de pesos 2018","KTA",16972.2259528332
2004,"Camuzzi Gas Pampeana","Bolsar","distribucion","Millones de pesos 2018","ppye",17669.1215661571
2004,"Camuzzi Gas Pampeana","Bolsar","distribucion","Millones de pesos 2018","ppye_neta",16972.2259528332
2004,"Metrogas","Bolsar","distribucion","Millones de pesos 2018","activo",0
2004,"Metrogas","Bolsar","distribucion","Millones de pesos 2018","activo_no_corr",33964.5608850425
2004,"Metrogas","Bolsar","distribucion","Millones de pesos 2018","inventarios",0
2004,"Metrogas","Bolsar","distribucion","Millones de pesos 2018","KTA",30019.9496587838
2004,"Metrogas","Bolsar","distribucion","Millones de pesos 2018","ppye",30711.2158913803
2004,"Metrogas","Bolsar","distribucion","Millones de pesos 2018","ppye_neta",30019.9496587838
2004,"PAE","Bolsar","produccion","Millones de pesos 2018","activo",0
2004,"PAE","Bolsar","produccion","Millones de pesos 2018","activo_no_corr",73251.6065337272
2004,"PAE","Bolsar","produccion","Millones de pesos 2018","inventarios",1971.75596434282
2004,"PAE","Bolsar","produccion","Millones de pesos 2018","KTA",93375.8215434657
2004,"PAE","Bolsar","produccion","Millones de pesos 2018","ppye",102426.615138871
2004,"PAE","Bolsar","produccion","Millones de pesos 2018","ppye_neta",91294.0460658553
2004,"Petrobras","Bolsar","integrada","Millones de pesos 2018","activo",319092.932034842
2004,"Petrobras","Bolsar","integrada","Millones de pesos 2018","activo_no_corr",233208.12799506
2004,"Petrobras","Bolsar","integrada","Millones de pesos 2018","inventarios",8497.74473128278
2004,"Petrobras","Bolsar","integrada","Millones de pesos 2018","KTA",205988.433347428
2004,"Petrobras","Bolsar","integrada","Millones de pesos 2018","ppye",196826.613077761
2004,"Petrobras","Bolsar","integrada","Millones de pesos 2018","ppye_neta",196826.613077761
2004,"Tecpetrol","Bolsar","produccion","Millones de pesos 2018","activo",0
2004,"Tecpetrol","Bolsar","produccion","Millones de pesos 2018","activo_no_corr",21679.5440737885
2004,"Tecpetrol","Bolsar","produccion","Millones de pesos 2018","inventarios",387.301729066843
2004,"Tecpetrol","Bolsar","produccion","Millones de pesos 2018","KTA",10757.5396565952
2004,"Tecpetrol","Bolsar","produccion","Millones de pesos 2018","ppye",10910.0398357297
2004,"Tecpetrol","Bolsar","produccion","Millones de pesos 2018","ppye_neta",10336.6601809659
2004,"TGN","Bolsar","transporte","Millones de pesos 2018","activo",0
2004,"TGN","Bolsar","transporte","Millones de pesos 2018","activo_no_corr",44174.7843959409
2004,"TGN","Bolsar","transporte","Millones de pesos 2018","inventarios",0
2004,"TGN","Bolsar","transporte","Millones de pesos 2018","KTA",40293.3042588769
2004,"TGN","Bolsar","transporte","Millones de pesos 2018","ppye",41093.9244262392
2004,"TGN","Bolsar","transporte","Millones de pesos 2018","ppye_neta",40293.3042588769
2004,"TGS","Bolsar","transporte","Millones de pesos 2018","activo",0
2004,"TGS","Bolsar","transporte","Millones de pesos 2018","activo_no_corr",79128.6956475522
2004,"TGS","Bolsar","transporte","Millones de pesos 2018","inventarios",0
2004,"TGS","Bolsar","transporte","Millones de pesos 2018","KTA",73972.832987481
2004,"TGS","Bolsar","transporte","Millones de pesos 2018","ppye",75348.1240480262
2004,"TGS","Bolsar","transporte","Millones de pesos 2018","ppye_neta",73972.832987481
2004,"YPF","Bolsar","integrada","Millones de pesos 2018","activo",0
2004,"YPF","Bolsar","integrada","Millones de pesos 2018","activo_no_corr",394141.802854652
2004,"YPF","Bolsar","integrada","Millones de pesos 2018","inventarios",19787.3563147324
2004,"YPF","Bolsar","integrada","Millones de pesos 2018","KTA",330788.939510289
2004,"YPF","Bolsar","integrada","Millones de pesos 2018","ppye",359749.493069522
2004,"YPF","Bolsar","integrada","Millones de pesos 2018","ppye_neta",309775.076415736
2005,"Camuzzi Gas Pampeana","Bolsar","distribucion","Millones de pesos 2018","activo",18724.9748040853
2005,"Camuzzi Gas Pampeana","Bolsar","distribucion","Millones de pesos 2018","activo_no_corr",16504.5307504505
2005,"Camuzzi Gas Pampeana","Bolsar","distribucion","Millones de pesos 2018","inventarios",0
2005,"Camuzzi Gas Pampeana","Bolsar","distribucion","Millones de pesos 2018","KTA",15125.7635705683
2005,"Camuzzi Gas Pampeana","Bolsar","distribucion","Millones de pesos 2018","ppye",15943.6330360391
2005,"Camuzzi Gas Pampeana","Bolsar","distribucion","Millones de pesos 2018","ppye_neta",15125.7635705683
2005,"Metrogas","Bolsar","distribucion","Millones de pesos 2018","activo",0
2005,"Metrogas","Bolsar","distribucion","Millones de pesos 2018","activo_no_corr",30688.7120523681
2005,"Metrogas","Bolsar","distribucion","Millones de pesos 2018","inventarios",0
2005,"Metrogas","Bolsar","distribucion","Millones de pesos 2018","KTA",25937.7213819462
2005,"Metrogas","Bolsar","distribucion","Millones de pesos 2018","ppye",27120.3445084839
2005,"Metrogas","Bolsar","distribucion","Millones de pesos 2018","ppye_neta",25937.7213819462
2005,"PAE","Bolsar","produccion","Millones de pesos 2018","activo",0
2005,"PAE","Bolsar","produccion","Millones de pesos 2018","activo_no_corr",77647.9374832129
2005,"PAE","Bolsar","produccion","Millones de pesos 2018","inventarios",1957.51102898856
2005,"PAE","Bolsar","produccion","Millones de pesos 2018","KTA",106201.291588199
2005,"PAE","Bolsar","produccion","Millones de pesos 2018","ppye",117498.405910752
2005,"PAE","Bolsar","produccion","Millones de pesos 2018","ppye_neta",104130.037907904
2005,"Petrobras","Bolsar","integrada","Millones de pesos 2018","activo",300549.559206902
2005,"Petrobras","Bolsar","integrada","Millones de pesos 2018","activo_no_corr",237049.811193371
2005,"Petrobras","Bolsar","integrada","Millones de pesos 2018","inventarios",12445.3140216996
2005,"Petrobras","Bolsar","integrada","Millones de pesos 2018","KTA",217795.759824544
2005,"Petrobras","Bolsar","integrada","Millones de pesos 2018","ppye",204456.45682452
2005,"Petrobras","Bolsar","integrada","Millones de pesos 2018","ppye_neta",204456.45682452
2005,"Tecpetrol","Bolsar","produccion","Millones de pesos 2018","activo",0
2005,"Tecpetrol","Bolsar","produccion","Millones de pesos 2018","activo_no_corr",18537.9477389979
2005,"Tecpetrol","Bolsar","produccion","Millones de pesos 2018","inventarios",354.961999923259
2005,"Tecpetrol","Bolsar","produccion","Millones de pesos 2018","KTA",10692.6456690252
2005,"Tecpetrol","Bolsar","produccion","Millones de pesos 2018","ppye",11269.0249552394
2005,"Tecpetrol","Bolsar","produccion","Millones de pesos 2018","ppye_neta",10294.6141603461
2005,"TGN","Bolsar","transporte","Millones de pesos 2018","activo",0
2005,"TGN","Bolsar","transporte","Millones de pesos 2018","activo_no_corr",40193.5898729459
2005,"TGN","Bolsar","transporte","Millones de pesos 2018","inventarios",0
2005,"TGN","Bolsar","transporte","Millones de pesos 2018","KTA",36431.3809930204
2005,"TGN","Bolsar","transporte","Millones de pesos 2018","ppye",36864.4365426936
2005,"TGN","Bolsar","transporte","Millones de pesos 2018","ppye_neta",36431.3809930204
2005,"TGS","Bolsar","transporte","Millones de pesos 2018","activo",0
2005,"TGS","Bolsar","transporte","Millones de pesos 2018","activo_no_corr",71249.709239259
2005,"TGS","Bolsar","transporte","Millones de pesos 2018","inventarios",0
2005,"TGS","Bolsar","transporte","Millones de pesos 2018","KTA",66356.8547207687
2005,"TGS","Bolsar","transporte","Millones de pesos 2018","ppye",68031.0040922683
2005,"TGS","Bolsar","transporte","Millones de pesos 2018","ppye_neta",66356.8547207687
2005,"YPF","Bolsar","integrada","Millones de pesos 2018","activo",0
2005,"YPF","Bolsar","integrada","Millones de pesos 2018","activo_no_corr",377720.054975727
2005,"YPF","Bolsar","integrada","Millones de pesos 2018","inventarios",20927.8618139834
2005,"YPF","Bolsar","integrada","Millones de pesos 2018","KTA",308224.914695396
2005,"YPF","Bolsar","integrada","Millones de pesos 2018","ppye",350267.156398449
2005,"YPF","Bolsar","integrada","Millones de pesos 2018","ppye_neta",286226.307775278
2006,"Camuzzi Gas Pampeana","Bolsar","distribucion","Millones de pesos 2018","activo",16635.9780002932
2006,"Camuzzi Gas Pampeana","Bolsar","distribucion","Millones de pesos 2018","activo_no_corr",14510.7731149784
2006,"Camuzzi Gas Pampeana","Bolsar","distribucion","Millones de pesos 2018","inventarios",0
2006,"Camuzzi Gas Pampeana","Bolsar","distribucion","Millones de pesos 2018","KTA",13297.9237771529
2006,"Camuzzi Gas Pampeana","Bolsar","distribucion","Millones de pesos 2018","ppye",14262.4065166018
2006,"Camuzzi Gas Pampeana","Bolsar","distribucion","Millones de pesos 2018","ppye_neta",13297.9237771529
2006,"Metrogas","Bolsar","distribucion","Millones de pesos 2018","activo",0
2006,"Metrogas","Bolsar","distribucion","Millones de pesos 2018","activo_no_corr",25793.0546661802
2006,"Metrogas","Bolsar","distribucion","Millones de pesos 2018","inventarios",0
2006,"Metrogas","Bolsar","distribucion","Millones de pesos 2018","KTA",22847.6961251891
2006,"Metrogas","Bolsar","distribucion","Millones de pesos 2018","ppye",24028.9823671579
2006,"Metrogas","Bolsar","distribucion","Millones de pesos 2018","ppye_neta",22847.6961251891
2006,"PAE","Bolsar","produccion","Millones de pesos 2018","activo",0
2006,"PAE","Bolsar","produccion","Millones de pesos 2018","activo_no_corr",84813.2380493927
2006,"PAE","Bolsar","produccion","Millones de pesos 2018","inventarios",1879.95502275304
2006,"PAE","Bolsar","produccion","Millones de pesos 2018","KTA",123511.549617218
2006,"PAE","Bolsar","produccion","Millones de pesos 2018","ppye",139174.074890526
2006,"PAE","Bolsar","produccion","Millones de pesos 2018","ppye_neta",121522.588799028
2006,"Petrobras","Bolsar","integrada","Millones de pesos 2018","activo",294033.576039595
2006,"Petrobras","Bolsar","integrada","Millones de pesos 2018","activo_no_corr",221074.100194737
2006,"Petrobras","Bolsar","integrada","Millones de pesos 2018","inventarios",12743.5119099595
2006,"Petrobras","Bolsar","integrada","Millones de pesos 2018","KTA",169245.890263556
2006,"Petrobras","Bolsar","integrada","Millones de pesos 2018","ppye",155533.988828988
2006,"Petrobras","Bolsar","integrada","Millones de pesos 2018","ppye_neta",155533.988828988
2006,"Tecpetrol","Bolsar","produccion","Millones de pesos 2018","activo",0
2006,"Tecpetrol","Bolsar","produccion","Millones de pesos 2018","activo_no_corr",16452.1321901883
2006,"Tecpetrol","Bolsar","produccion","Millones de pesos 2018","inventarios",446.195126468988
2006,"Tecpetrol","Bolsar","produccion","Millones de pesos 2018","KTA",11562.564407713
2006,"Tecpetrol","Bolsar","produccion","Millones de pesos 2018","ppye",11354.2107973433
2006,"Tecpetrol","Bolsar","produccion","Millones de pesos 2018","ppye_neta",11066.4054692417
2006,"TGN","Bolsar","transporte","Millones de pesos 2018","activo",0
2006,"TGN","Bolsar","transporte","Millones de pesos 2018","activo_no_corr",35582.898920964
2006,"TGN","Bolsar","transporte","Millones de pesos 2018","inventarios",0
2006,"TGN","Bolsar","transporte","Millones de pesos 2018","KTA",31860.9467459555
2006,"TGN","Bolsar","transporte","Millones de pesos 2018","ppye",32391.8833564654
2006,"TGN","Bolsar","transporte","Millones de pesos 2018","ppye_neta",31860.9467459555
2006,"TGS","Bolsar","transporte","Millones de pesos 2018","activo",0
2006,"TGS","Bolsar","transporte","Millones de pesos 2018","activo_no_corr",63536.7537991742
2006,"TGS","Bolsar","transporte","Millones de pesos 2018","inventarios",0
2006,"TGS","Bolsar","transporte","Millones de pesos 2018","KTA",59193.51236615
2006,"TGS","Bolsar","transporte","Millones de pesos 2018","ppye",60529.8303188883
2006,"TGS","Bolsar","transporte","Millones de pesos 2018","ppye_neta",59193.51236615
2006,"YPF","Bolsar","integrada","Millones de pesos 2018","activo",0
2006,"YPF","Bolsar","integrada","Millones de pesos 2018","activo_no_corr",347361.1551583
2006,"YPF","Bolsar","integrada","Millones de pesos 2018","inventarios",24353.310485587
2006,"YPF","Bolsar","integrada","Millones de pesos 2018","KTA",279728.567918852
2006,"YPF","Bolsar","integrada","Millones de pesos 2018","ppye",323782.787964534
2006,"YPF","Bolsar","integrada","Millones de pesos 2018","ppye_neta",254296.206131174
2007,"Camuzzi Gas Pampeana","Bolsar","distribucion","Millones de pesos 2018","activo",14876.0834289404
2007,"Camuzzi Gas Pampeana","Bolsar","distribucion","Millones de pesos 2018","activo_no_corr",12600.620152926
2007,"Camuzzi Gas Pampeana","Bolsar","distribucion","Millones de pesos 2018","inventarios",0
2007,"Camuzzi Gas Pampeana","Bolsar","distribucion","Millones de pesos 2018","KTA",11484.4476125392
2007,"Camuzzi Gas Pampeana","Bolsar","distribucion","Millones de pesos 2018","ppye",12394.2825619657
2007,"Camuzzi Gas Pampeana","Bolsar","distribucion","Millones de pesos 2018","ppye_neta",11484.4476125392
2007,"Metrogas","Bolsar","distribucion","Millones de pesos 2018","activo",0
2007,"Metrogas","Bolsar","distribucion","Millones de pesos 2018","activo_no_corr",22936.1820072529
2007,"Metrogas","Bolsar","distribucion","Millones de pesos 2018","inventarios",0
2007,"Metrogas","Bolsar","distribucion","Millones de pesos 2018","KTA",20166.4546068688
2007,"Metrogas","Bolsar","distribucion","Millones de pesos 2018","ppye",20980.9601257963
2007,"Metrogas","Bolsar","distribucion","Millones de pesos 2018","ppye_neta",20166.4546068688
2007,"PAE","Bolsar","produccion","Millones de pesos 2018","activo",0
2007,"PAE","Bolsar","produccion","Millones de pesos 2018","activo_no_corr",94493.9094128311
2007,"PAE","Bolsar","produccion","Millones de pesos 2018","inventarios",2398.5158311879
2007,"PAE","Bolsar","produccion","Millones de pesos 2018","KTA",138726.452918548
2007,"PAE","Bolsar","produccion","Millones de pesos 2018","ppye",150471.969367169
2007,"PAE","Bolsar","produccion","Millones de pesos 2018","ppye_neta",136144.327179808
2007,"Petrobras","Bolsar","integrada","Millones de pesos 2018","activo",271032.288924232
2007,"Petrobras","Bolsar","integrada","Millones de pesos 2018","activo_no_corr",189152.796105056
2007,"Petrobras","Bolsar","integrada","Millones de pesos 2018","inventarios",12639.7977135616
2007,"Petrobras","Bolsar","integrada","Millones de pesos 2018","KTA",148124.751855508
2007,"Petrobras","Bolsar","integrada","Millones de pesos 2018","ppye",134634.150545357
2007,"Petrobras","Bolsar","integrada","Millones de pesos 2018","ppye_neta",134634.150545357
2007,"Tecpetrol","Bolsar","produccion","Millones de pesos 2018","activo",0
2007,"Tecpetrol","Bolsar","produccion","Millones de pesos 2018","activo_no_corr",14009.8324944481
2007,"Tecpetrol","Bolsar","produccion","Millones de pesos 2018","inventarios",142.641893875936
2007,"Tecpetrol","Bolsar","produccion","Millones de pesos 2018","KTA",10303.2551427127
2007,"Tecpetrol","Bolsar","produccion","Millones de pesos 2018","ppye",10991.3320472981
2007,"Tecpetrol","Bolsar","produccion","Millones de pesos 2018","ppye_neta",10142.409729777
2007,"TGN","Bolsar","transporte","Millones de pesos 2018","activo",0
2007,"TGN","Bolsar","transporte","Millones de pesos 2018","activo_no_corr",30897.4905789632
2007,"TGN","Bolsar","transporte","Millones de pesos 2018","inventarios",0
2007,"TGN","Bolsar","transporte","Millones de pesos 2018","KTA",27272.1910076425
2007,"TGN","Bolsar","transporte","Millones de pesos 2018","ppye",27869.4214496083
2007,"TGN","Bolsar","transporte","Millones de pesos 2018","ppye_neta",27272.1910076425
2007,"TGS","Bolsar","transporte","Millones de pesos 2018","activo",0
2007,"TGS","Bolsar","transporte","Millones de pesos 2018","activo_no_corr",54804.3227548099
2007,"TGS","Bolsar","transporte","Millones de pesos 2018","inventarios",0
2007,"TGS","Bolsar","transporte","Millones de pesos 2018","KTA",51621.2003639447
2007,"TGS","Bolsar","transporte","Millones de pesos 2018","ppye",52927.2493415463
2007,"TGS","Bolsar","transporte","Millones de pesos 2018","ppye_neta",51621.2003639447
2007,"YPF","Bolsar","integrada","Millones de pesos 2018","activo",0
2007,"YPF","Bolsar","integrada","Millones de pesos 2018","activo_no_corr",343685.744657305
2007,"YPF","Bolsar","integrada","Millones de pesos 2018","inventarios",32652.8107600342
2007,"YPF","Bolsar","integrada","Millones de pesos 2018","KTA",282655.455898792
2007,"YPF","Bolsar","integrada","Millones de pesos 2018","ppye",322771.701854143
2007,"YPF","Bolsar","integrada","Millones de pesos 2018","ppye_neta",247897.39812923
2008,"Camuzzi Gas Pampeana","Bolsar","distribucion","Millones de pesos 2018","activo",12000.3868026984
2008,"Camuzzi Gas Pampeana","Bolsar","distribucion","Millones de pesos 2018","activo_no_corr",10060.1635905851
2008,"Camuzzi Gas Pampeana","Bolsar","distribucion","Millones de pesos 2018","inventarios",0
2008,"Camuzzi Gas Pampeana","Bolsar","distribucion","Millones de pesos 2018","KTA",9332.32316833922
2008,"Camuzzi Gas Pampeana","Bolsar","distribucion","Millones de pesos 2018","ppye",9945.52593555386
2008,"Camuzzi Gas Pampeana","Bolsar","distribucion","Millones de pesos 2018","ppye_neta",9332.32316833922
2008,"Metrogas","Bolsar","distribucion","Millones de pesos 2018","activo",0
2008,"Metrogas","Bolsar","distribucion","Millones de pesos 2018","activo_no_corr",19171.818252217
2008,"Metrogas","Bolsar","distribucion","Millones de pesos 2018","inventarios",0
2008,"Metrogas","Bolsar","distribucion","Millones de pesos 2018","KTA",16619.6272931222
2008,"Metrogas","Bolsar","distribucion","Millones de pesos 2018","ppye",17189.6310596258
2008,"Metrogas","Bolsar","distribucion","Millones de pesos 2018","ppye_neta",16619.6272931222
2008,"PAE","Bolsar","produccion","Millones de pesos 2018","activo",0
2008,"PAE","Bolsar","produccion","Millones de pesos 2018","activo_no_corr",101076.459856709
2008,"PAE","Bolsar","produccion","Millones de pesos 2018","inventarios",2814.57791574783
2008,"PAE","Bolsar","produccion","Millones de pesos 2018","KTA",133257.538428933
2008,"PAE","Bolsar","produccion","Millones de pesos 2018","ppye",144867.980957609
2008,"PAE","Bolsar","produccion","Millones de pesos 2018","ppye_neta",130225.967167965
2008,"Petrobras","Bolsar","integrada","Millones de pesos 2018","activo",238939.039163725
2008,"Petrobras","Bolsar","integrada","Millones de pesos 2018","activo_no_corr",174245.137953227
2008,"Petrobras","Bolsar","integrada","Millones de pesos 2018","inventarios",15894.0870536348
2008,"Petrobras","Bolsar","integrada","Millones de pesos 2018","KTA",131980.480217963
2008,"Petrobras","Bolsar","integrada","Millones de pesos 2018","ppye",129925.883493124
2008,"Petrobras","Bolsar","integrada","Millones de pesos 2018","ppye_neta",114797.52719598
2008,"Tecpetrol","Bolsar","produccion","Millones de pesos 2018","activo",0
2008,"Tecpetrol","Bolsar","produccion","Millones de pesos 2018","activo_no_corr",0
2008,"Tecpetrol","Bolsar","produccion","Millones de pesos 2018","inventarios",0
2008,"Tecpetrol","Bolsar","produccion","Millones de pesos 2018","KTA",0
2008,"Tecpetrol","Bolsar","produccion","Millones de pesos 2018","ppye",0
2008,"Tecpetrol","Bolsar","produccion","Millones de pesos 2018","ppye_neta",0
2008,"TGN","Bolsar","transporte","Millones de pesos 2018","activo",0
2008,"TGN","Bolsar","transporte","Millones de pesos 2018","activo_no_corr",24774.111420958
2008,"TGN","Bolsar","transporte","Millones de pesos 2018","inventarios",0
2008,"TGN","Bolsar","transporte","Millones de pesos 2018","KTA",21293.4305287671
2008,"TGN","Bolsar","transporte","Millones de pesos 2018","ppye",21892.5113685914
2008,"TGN","Bolsar","transporte","Millones de pesos 2018","ppye_neta",21293.4305287671
2008,"TGS","Bolsar","transporte","Millones de pesos 2018","activo",0
2008,"TGS","Bolsar","transporte","Millones de pesos 2018","activo_no_corr",43501.1642762093
2008,"TGS","Bolsar","transporte","Millones de pesos 2018","inventarios",0
2008,"TGS","Bolsar","transporte","Millones de pesos 2018","KTA",41392.7039427876
2008,"TGS","Bolsar","transporte","Millones de pesos 2018","ppye",43168.2059174041
2008,"TGS","Bolsar","transporte","Millones de pesos 2018","ppye_neta",41392.7039427876
2008,"YPF","Bolsar","integrada","Millones de pesos 2018","activo",0
2008,"YPF","Bolsar","integrada","Millones de pesos 2018","activo_no_corr",308889.578540399
2008,"YPF","Bolsar","integrada","Millones de pesos 2018","inventarios",35689.2618801995
2008,"YPF","Bolsar","integrada","Millones de pesos 2018","KTA",251114.164311002
2008,"YPF","Bolsar","integrada","Millones de pesos 2018","ppye",270778.951835622
2008,"YPF","Bolsar","integrada","Millones de pesos 2018","ppye_neta",213721.662764175
2009,"Camuzzi Gas Pampeana","Bolsar","distribucion","Millones de pesos 2018","activo",9795.1669781794
2009,"Camuzzi Gas Pampeana","Bolsar","distribucion","Millones de pesos 2018","activo_no_corr",8784.50578691647
2009,"Camuzzi Gas Pampeana","Bolsar","distribucion","Millones de pesos 2018","inventarios",0
2009,"Camuzzi Gas Pampeana","Bolsar","distribucion","Millones de pesos 2018","KTA",8131.50337722298
2009,"Camuzzi Gas Pampeana","Bolsar","distribucion","Millones de pesos 2018","ppye",8634.9598232816
2009,"Camuzzi Gas Pampeana","Bolsar","distribucion","Millones de pesos 2018","ppye_neta",8131.50337722298
2009,"Metrogas","Bolsar","distribucion","Millones de pesos 2018","activo",0
2009,"Metrogas","Bolsar","distribucion","Millones de pesos 2018","activo_no_corr",17216.0023067884
2009,"Metrogas","Bolsar","distribucion","Millones de pesos 2018","inventarios",0
2009,"Metrogas","Bolsar","distribucion","Millones de pesos 2018","KTA",14289.8296265354
2009,"Metrogas","Bolsar","distribucion","Millones de pesos 2018","ppye",15212.5876797627
2009,"Metrogas","Bolsar","distribucion","Millones de pesos 2018","ppye_neta",14289.8296265354
2009,"PAE","Bolsar","produccion","Millones de pesos 2018","activo",0
2009,"PAE","Bolsar","produccion","Millones de pesos 2018","activo_no_corr",108803.568297658
2009,"PAE","Bolsar","produccion","Millones de pesos 2018","inventarios",2396.63375018027
2009,"PAE","Bolsar","produccion","Millones de pesos 2018","KTA",125146.675019545
2009,"PAE","Bolsar","produccion","Millones de pesos 2018","ppye",149050.797478316
2009,"PAE","Bolsar","produccion","Millones de pesos 2018","ppye_neta",122552.677706586
2009,"Petrobras","Bolsar","integrada","Millones de pesos 2018","activo",207975.552088012
2009,"Petrobras","Bolsar","integrada","Millones de pesos 2018","activo_no_corr",143924.163629247
2009,"Petrobras","Bolsar","integrada","Millones de pesos 2018","inventarios",9109.01023094831
2009,"Petrobras","Bolsar","integrada","Millones de pesos 2018","KTA",105563.268870379
2009,"Petrobras","Bolsar","integrada","Millones de pesos 2018","ppye",100262.181849647
2009,"Petrobras","Bolsar","integrada","Millones de pesos 2018","ppye_neta",95423.8648427038
2009,"Tecpetrol","Bolsar","produccion","Millones de pesos 2018","activo",0
2009,"Tecpetrol","Bolsar","produccion","Millones de pesos 2018","activo_no_corr",0
2009,"Tecpetrol","Bolsar","produccion","Millones de pesos 2018","inventarios",0
2009,"Tecpetrol","Bolsar","produccion","Millones de pesos 2018","KTA",0
2009,"Tecpetrol","Bolsar","produccion","Millones de pesos 2018","ppye",0
2009,"Tecpetrol","Bolsar","produccion","Millones de pesos 2018","ppye_neta",0
2009,"TGN","Bolsar","transporte","Millones de pesos 2018","activo",0
2009,"TGN","Bolsar","transporte","Millones de pesos 2018","activo_no_corr",21768.7324717032
2009,"TGN","Bolsar","transporte","Millones de pesos 2018","inventarios",0
2009,"TGN","Bolsar","transporte","Millones de pesos 2018","KTA",18029.9387719154
2009,"TGN","Bolsar","transporte","Millones de pesos 2018","ppye",18617.6366149859
2009,"TGN","Bolsar","transporte","Millones de pesos 2018","ppye_neta",18029.9387719154
2009,"TGS","Bolsar","transporte","Millones de pesos 2018","activo",0
2009,"TGS","Bolsar","transporte","Millones de pesos 2018","activo_no_corr",37401.4518498527
2009,"TGS","Bolsar","transporte","Millones de pesos 2018","inventarios",0
2009,"TGS","Bolsar","transporte","Millones de pesos 2018","KTA",36209.4058660788
2009,"TGS","Bolsar","transporte","Millones de pesos 2018","ppye",37151.5171873339
2009,"TGS","Bolsar","transporte","Millones de pesos 2018","ppye_neta",36209.4058660788
2009,"YPF","Bolsar","integrada","Millones de pesos 2018","activo",0
2009,"YPF","Bolsar","integrada","Millones de pesos 2018","activo_no_corr",94892.2806650322
2009,"YPF","Bolsar","integrada","Millones de pesos 2018","inventarios",27624.3574362883
2009,"YPF","Bolsar","integrada","Millones de pesos 2018","KTA",231081.839949049
2009,"YPF","Bolsar","integrada","Millones de pesos 2018","ppye",252574.563604524
2009,"YPF","Bolsar","integrada","Millones de pesos 2018","ppye_neta",201875.848896763
2010,"Camuzzi Gas Pampeana","Bolsar","distribucion","Millones de pesos 2018","activo",7981.57307600316
2010,"Camuzzi Gas Pampeana","Bolsar","distribucion","Millones de pesos 2018","activo_no_corr",6838.73328323866
2010,"Camuzzi Gas Pampeana","Bolsar","distribucion","Millones de pesos 2018","inventarios",0
2010,"Camuzzi Gas Pampeana","Bolsar","distribucion","Millones de pesos 2018","KTA",6448.46094969764
2010,"Camuzzi Gas Pampeana","Bolsar","distribucion","Millones de pesos 2018","ppye",6710.73536138532
2010,"Camuzzi Gas Pampeana","Bolsar","distribucion","Millones de pesos 2018","ppye_neta",6448.46094969764
2010,"Metrogas","Bolsar","distribucion","Millones de pesos 2018","activo",0
2010,"Metrogas","Bolsar","distribucion","Millones de pesos 2018","activo_no_corr",14134.6333711637
2010,"Metrogas","Bolsar","distribucion","Millones de pesos 2018","inventarios",0
2010,"Metrogas","Bolsar","distribucion","Millones de pesos 2018","KTA",11709.4242235573
2010,"Metrogas","Bolsar","distribucion","Millones de pesos 2018","ppye",12334.3922911857
2010,"Metrogas","Bolsar","distribucion","Millones de pesos 2018","ppye_neta",11709.4242235573
2010,"PAE","Bolsar","produccion","Millones de pesos 2018","activo",0
2010,"PAE","Bolsar","produccion","Millones de pesos 2018","activo_no_corr",102046.999129108
2010,"PAE","Bolsar","produccion","Millones de pesos 2018","inventarios",1753.99991487523
2010,"PAE","Bolsar","produccion","Millones de pesos 2018","KTA",186612.926755943
2010,"PAE","Bolsar","produccion","Millones de pesos 2018","ppye",208869.173536672
2010,"PAE","Bolsar","produccion","Millones de pesos 2018","ppye_neta",184699.770628024
2010,"Petrobras","Bolsar","integrada","Millones de pesos 2018","activo",162935.85331692
2010,"Petrobras","Bolsar","integrada","Millones de pesos 2018","activo_no_corr",107287.521323756
2010,"Petrobras","Bolsar","integrada","Millones de pesos 2018","inventarios",7531.46085897444
2010,"Petrobras","Bolsar","integrada","Millones de pesos 2018","KTA",79035.2307316195
2010,"Petrobras","Bolsar","integrada","Millones de pesos 2018","ppye",77240.4289044442
2010,"Petrobras","Bolsar","integrada","Millones de pesos 2018","ppye_neta",70739.8904444168
2010,"Tecpetrol","Bolsar","produccion","Millones de pesos 2018","activo",0
2010,"Tecpetrol","Bolsar","produccion","Millones de pesos 2018","activo_no_corr",0
2010,"Tecpetrol","Bolsar","produccion","Millones de pesos 2018","inventarios",0
2010,"Tecpetrol","Bolsar","produccion","Millones de pesos 2018","KTA",0
2010,"Tecpetrol","Bolsar","produccion","Millones de pesos 2018","ppye",0
2010,"Tecpetrol","Bolsar","produccion","Millones de pesos 2018","ppye_neta",0
2010,"TGN","Bolsar","transporte","Millones de pesos 2018","activo",0
2010,"TGN","Bolsar","transporte","Millones de pesos 2018","activo_no_corr",17636.8843767033
2010,"TGN","Bolsar","transporte","Millones de pesos 2018","inventarios",0
2010,"TGN","Bolsar","transporte","Millones de pesos 2018","KTA",13762.84982186
2010,"TGN","Bolsar","transporte","Millones de pesos 2018","ppye",14400.7044194752
2010,"TGN","Bolsar","transporte","Millones de pesos 2018","ppye_neta",13762.84982186
2010,"TGS","Bolsar","transporte","Millones de pesos 2018","activo",0
2010,"TGS","Bolsar","transporte","Millones de pesos 2018","activo_no_corr",29636.0837045647
2010,"TGS","Bolsar","transporte","Millones de pesos 2018","inventarios",0
2010,"TGS","Bolsar","transporte","Millones de pesos 2018","KTA",28073.3055763275
2010,"TGS","Bolsar","transporte","Millones de pesos 2018","ppye",29060.714459019
2010,"TGS","Bolsar","transporte","Millones de pesos 2018","ppye_neta",28073.3055763275
2010,"YPF","Bolsar","integrada","Millones de pesos 2018","activo",0
2010,"YPF","Bolsar","integrada","Millones de pesos 2018","activo_no_corr",241880.167852957
2010,"YPF","Bolsar","integrada","Millones de pesos 2018","inventarios",27670.2435550725
2010,"YPF","Bolsar","integrada","Millones de pesos 2018","KTA",200332.863268255
2010,"YPF","Bolsar","integrada","Millones de pesos 2018","ppye",225993.940052515
2010,"YPF","Bolsar","integrada","Millones de pesos 2018","ppye_neta",171032.88965865
2011,"Camuzzi Gas Pampeana","Bolsar","distribucion","Millones de pesos 2018","activo",6598.55704962006
2011,"Camuzzi Gas Pampeana","Bolsar","distribucion","Millones de pesos 2018","activo_no_corr",5499.51298105704
2011,"Camuzzi Gas Pampeana","Bolsar","distribucion","Millones de pesos 2018","inventarios",0
2011,"Camuzzi Gas Pampeana","Bolsar","distribucion","Millones de pesos 2018","KTA",5033.9692124329
2011,"Camuzzi Gas Pampeana","Bolsar","distribucion","Millones de pesos 2018","ppye",5443.29502904007
2011,"Camuzzi Gas Pampeana","Bolsar","distribucion","Millones de pesos 2018","ppye_neta",5033.9692124329
2011,"Metrogas","Bolsar","distribucion","Millones de pesos 2018","activo",0
2011,"Metrogas","Bolsar","distribucion","Millones de pesos 2018","activo_no_corr",11751.547556731
2011,"Metrogas","Bolsar","distribucion","Millones de pesos 2018","inventarios",0
2011,"Metrogas","Bolsar","distribucion","Millones de pesos 2018","KTA",9636.72900482969
2011,"Metrogas","Bolsar","distribucion","Millones de pesos 2018","ppye",10132.6859413775
2011,"Metrogas","Bolsar","distribucion","Millones de pesos 2018","ppye_neta",9636.72900482969
2011,"PAE","Bolsar","produccion","Millones de pesos 2018","activo",0
2011,"PAE","Bolsar","produccion","Millones de pesos 2018","activo_no_corr",97469.9689281891
2011,"PAE","Bolsar","produccion","Millones de pesos 2018","inventarios",2080.96244894722
2011,"PAE","Bolsar","produccion","Millones de pesos 2018","KTA",225083.95888644
2011,"PAE","Bolsar","produccion","Millones de pesos 2018","ppye",250079.662302232
2011,"PAE","Bolsar","produccion","Millones de pesos 2018","ppye_neta",222801.712867283
2011,"Petrobras","Bolsar","integrada","Millones de pesos 2018","activo",128152.604147666
2011,"Petrobras","Bolsar","integrada","Millones de pesos 2018","activo_no_corr",92452.5372457274
2011,"Petrobras","Bolsar","integrada","Millones de pesos 2018","inventarios",5607.03770966335
2011,"Petrobras","Bolsar","integrada","Millones de pesos 2018","KTA",62378.144437994
2011,"Petrobras","Bolsar","integrada","Millones de pesos 2018","ppye",62001.1200761331
2011,"Petrobras","Bolsar","integrada","Millones de pesos 2018","ppye_neta",56099.2793528689
2011,"Tecpetrol","Bolsar","produccion","Millones de pesos 2018","activo",0
2011,"Tecpetrol","Bolsar","produccion","Millones de pesos 2018","activo_no_corr",0
2011,"Tecpetrol","Bolsar","produccion","Millones de pesos 2018","inventarios",0
2011,"Tecpetrol","Bolsar","produccion","Millones de pesos 2018","KTA",0
2011,"Tecpetrol","Bolsar","produccion","Millones de pesos 2018","ppye",0
2011,"Tecpetrol","Bolsar","produccion","Millones de pesos 2018","ppye_neta",0
2011,"TGN","Bolsar","transporte","Millones de pesos 2018","activo",0
2011,"TGN","Bolsar","transporte","Millones de pesos 2018","activo_no_corr",13775.1274661485
2011,"TGN","Bolsar","transporte","Millones de pesos 2018","inventarios",0
2011,"TGN","Bolsar","transporte","Millones de pesos 2018","KTA",10950.5273056188
2011,"TGN","Bolsar","transporte","Millones de pesos 2018","ppye",11202.1387875015
2011,"TGN","Bolsar","transporte","Millones de pesos 2018","ppye_neta",10950.5273056188
2011,"TGS","Bolsar","transporte","Millones de pesos 2018","activo",0
2011,"TGS","Bolsar","transporte","Millones de pesos 2018","activo_no_corr",23961.7103349538
2011,"TGS","Bolsar","transporte","Millones de pesos 2018","inventarios",0
2011,"TGS","Bolsar","transporte","Millones de pesos 2018","KTA",22083.0694601055
2011,"TGS","Bolsar","transporte","Millones de pesos 2018","ppye",23194.3843341607
2011,"TGS","Bolsar","transporte","Millones de pesos 2018","ppye_neta",22083.0694601055
2011,"YPF","Bolsar","integrada","Millones de pesos 2018","activo",0
2011,"YPF","Bolsar","integrada","Millones de pesos 2018","activo_no_corr",276126.375621555
2011,"YPF","Bolsar","integrada","Millones de pesos 2018","inventarios",34717.3901899362
2011,"YPF","Bolsar","integrada","Millones de pesos 2018","KTA",192111.518790708
2011,"YPF","Bolsar","integrada","Millones de pesos 2018","ppye",220223.631611087
2011,"YPF","Bolsar","integrada","Millones de pesos 2018","ppye_neta",155430.553582616
2012,"Camuzzi Gas Pampeana","Bolsar","distribucion","Millones de pesos 2018","activo",5192.85098313957
2012,"Camuzzi Gas Pampeana","Bolsar","distribucion","Millones de pesos 2018","activo_no_corr",4401.90274413573
2012,"Camuzzi Gas Pampeana","Bolsar","distribucion","Millones de pesos 2018","inventarios",0
2012,"Camuzzi Gas Pampeana","Bolsar","distribucion","Millones de pesos 2018","KTA",4004.87141793266
2012,"Camuzzi Gas Pampeana","Bolsar","distribucion","Millones de pesos 2018","ppye",4256.9508212991
2012,"Camuzzi Gas Pampeana","Bolsar","distribucion","Millones de pesos 2018","ppye_neta",4004.87141793266
2012,"Metrogas","Bolsar","distribucion","Millones de pesos 2018","activo",0
2012,"Metrogas","Bolsar","distribucion","Millones de pesos 2018","activo_no_corr",9322.67879498928
2012,"Metrogas","Bolsar","distribucion","Millones de pesos 2018","inventarios",0
2012,"Metrogas","Bolsar","distribucion","Millones de pesos 2018","KTA",7887.08270003442
2012,"Metrogas","Bolsar","distribucion","Millones de pesos 2018","ppye",8357.22747090227
2012,"Metrogas","Bolsar","distribucion","Millones de pesos 2018","ppye_neta",7887.08270003442
2012,"PAE","Bolsar","produccion","Millones de pesos 2018","activo",0
2012,"PAE","Bolsar","produccion","Millones de pesos 2018","activo_no_corr",138357.076719469
2012,"PAE","Bolsar","produccion","Millones de pesos 2018","inventarios",3057.56329575363
2012,"PAE","Bolsar","produccion","Millones de pesos 2018","KTA",274455.015071693
2012,"PAE","Bolsar","produccion","Millones de pesos 2018","ppye",307518.869884995
2012,"PAE","Bolsar","produccion","Millones de pesos 2018","ppye_neta",271080.569690646
2012,"Petrobras","Bolsar","integrada","Millones de pesos 2018","activo",88112.9899618786
2012,"Petrobras","Bolsar","integrada","Millones de pesos 2018","activo_no_corr",59949.7463936526
2012,"Petrobras","Bolsar","integrada","Millones de pesos 2018","inventarios",4782.70221950453
2012,"Petrobras","Bolsar","integrada","Millones de pesos 2018","KTA",40078.8122454281
2012,"Petrobras","Bolsar","integrada","Millones de pesos 2018","ppye",39645.469033625
2012,"Petrobras","Bolsar","integrada","Millones de pesos 2018","ppye_neta",34764.5881761835
2012,"Tecpetrol","Bolsar","produccion","Millones de pesos 2018","activo",0
2012,"Tecpetrol","Bolsar","produccion","Millones de pesos 2018","activo_no_corr",0
2012,"Tecpetrol","Bolsar","produccion","Millones de pesos 2018","inventarios",0
2012,"Tecpetrol","Bolsar","produccion","Millones de pesos 2018","KTA",0
2012,"Tecpetrol","Bolsar","produccion","Millones de pesos 2018","ppye",0
2012,"Tecpetrol","Bolsar","produccion","Millones de pesos 2018","ppye_neta",0
2012,"TGN","Bolsar","transporte","Millones de pesos 2018","activo",0
2012,"TGN","Bolsar","transporte","Millones de pesos 2018","activo_no_corr",10324.694648948
2012,"TGN","Bolsar","transporte","Millones de pesos 2018","inventarios",0
2012,"TGN","Bolsar","transporte","Millones de pesos 2018","KTA",8513.31747970247
2012,"TGN","Bolsar","transporte","Millones de pesos 2018","ppye",8640.37466271271
2012,"TGN","Bolsar","transporte","Millones de pesos 2018","ppye_neta",8513.31747970247
2012,"TGS","Bolsar","transporte","Millones de pesos 2018","activo",0
2012,"TGS","Bolsar","transporte","Millones de pesos 2018","activo_no_corr",19192.7595985564
2012,"TGS","Bolsar","transporte","Millones de pesos 2018","inventarios",0
2012,"TGS","Bolsar","transporte","Millones de pesos 2018","KTA",18017.8979149229
2012,"TGS","Bolsar","transporte","Millones de pesos 2018","ppye",18703.1193552982
2012,"TGS","Bolsar","transporte","Millones de pesos 2018","ppye_neta",18017.8979149229
2012,"YPF","Bolsar","integrada","Millones de pesos 2018","activo",0
2012,"YPF","Bolsar","integrada","Millones de pesos 2018","activo_no_corr",287995.346455228
2012,"YPF","Bolsar","integrada","Millones de pesos 2018","inventarios",32361.5491333434
2012,"YPF","Bolsar","integrada","Millones de pesos 2018","KTA",224997.473608624
2012,"YPF","Bolsar","integrada","Millones de pesos 2018","ppye",266349.294376728
2012,"YPF","Bolsar","integrada","Millones de pesos 2018","ppye_neta",189746.580919659
2013,"Camuzzi Gas Pampeana","Bolsar","distribucion","Millones de pesos 2018","activo",4676.74211763584
2013,"Camuzzi Gas Pampeana","Bolsar","distribucion","Millones de pesos 2018","activo_no_corr",3521.32539363052
2013,"Camuzzi Gas Pampeana","Bolsar","distribucion","Millones de pesos 2018","inventarios",24.7393623711372
2013,"Camuzzi Gas Pampeana","Bolsar","distribucion","Millones de pesos 2018","KTA",3273.03602434497
2013,"Camuzzi Gas Pampeana","Bolsar","distribucion","Millones de pesos 2018","ppye",3439.16903491296
2013,"Camuzzi Gas Pampeana","Bolsar","distribucion","Millones de pesos 2018","ppye_neta",3238.95829765787
2013,"Metrogas","Bolsar","distribucion","Millones de pesos 2018","activo",0
2013,"Metrogas","Bolsar","distribucion","Millones de pesos 2018","activo_no_corr",6908.81398120167
2013,"Metrogas","Bolsar","distribucion","Millones de pesos 2018","inventarios",0
2013,"Metrogas","Bolsar","distribucion","Millones de pesos 2018","KTA",6522.94189469877
2013,"Metrogas","Bolsar","distribucion","Millones de pesos 2018","ppye",6868.01294108837
2013,"Metrogas","Bolsar","distribucion","Millones de pesos 2018","ppye_neta",6522.94189469877
2013,"PAE","Bolsar","produccion","Millones de pesos 2018","activo",0
2013,"PAE","Bolsar","produccion","Millones de pesos 2018","activo_no_corr",161098.755489215
2013,"PAE","Bolsar","produccion","Millones de pesos 2018","inventarios",2513.86095346776
2013,"PAE","Bolsar","produccion","Millones de pesos 2018","KTA",391502.459110679
2013,"PAE","Bolsar","produccion","Millones de pesos 2018","ppye",419915.036608353
2013,"PAE","Bolsar","produccion","Millones de pesos 2018","ppye_neta",388723.851956759
2013,"Petrobras","Bolsar","integrada","Millones de pesos 2018","activo",77465.5350239946
2013,"Petrobras","Bolsar","integrada","Millones de pesos 2018","activo_no_corr",52973.0285999572
2013,"Petrobras","Bolsar","integrada","Millones de pesos 2018","inventarios",4864.33951114145
2013,"Petrobras","Bolsar","integrada","Millones de pesos 2018","KTA",36080.168047843
2013,"Petrobras","Bolsar","integrada","Millones de pesos 2018","ppye",35364.8622168788
2013,"Petrobras","Bolsar","integrada","Millones de pesos 2018","ppye_neta",30667.6183377994
2013,"Tecpetrol","Bolsar","produccion","Millones de pesos 2018","activo",0
2013,"Tecpetrol","Bolsar","produccion","Millones de pesos 2018","activo_no_corr",0
2013,"Tecpetrol","Bolsar","produccion","Millones de pesos 2018","inventarios",0
2013,"Tecpetrol","Bolsar","produccion","Millones de pesos 2018","KTA",0
2013,"Tecpetrol","Bolsar","produccion","Millones de pesos 2018","ppye",0
2013,"Tecpetrol","Bolsar","produccion","Millones de pesos 2018","ppye_neta",0
2013,"TGN","Bolsar","transporte","Millones de pesos 2018","activo",0
2013,"TGN","Bolsar","transporte","Millones de pesos 2018","activo_no_corr",8647.94903294039
2013,"TGN","Bolsar","transporte","Millones de pesos 2018","inventarios",0
2013,"TGN","Bolsar","transporte","Millones de pesos 2018","KTA",6405.96752578275
2013,"TGN","Bolsar","transporte","Millones de pesos 2018","ppye",6662.96060789428
2013,"TGN","Bolsar","transporte","Millones de pesos 2018","ppye_neta",6405.96752578275
2013,"TGS","Bolsar","transporte","Millones de pesos 2018","activo",0
2013,"TGS","Bolsar","transporte","Millones de pesos 2018","activo_no_corr",15854.9507394113
2013,"TGS","Bolsar","transporte","Millones de pesos 2018","inventarios",0
2013,"TGS","Bolsar","transporte","Millones de pesos 2018","KTA",14223.4549806107
2013,"TGS","Bolsar","transporte","Millones de pesos 2018","ppye",14730.0666576054
2013,"TGS","Bolsar","transporte","Millones de pesos 2018","ppye_neta",14223.4549806107
2013,"YPF","Bolsar","integrada","Millones de pesos 2018","activo",0
2013,"YPF","Bolsar","integrada","Millones de pesos 2018","activo_no_corr",375337.63521045
2013,"YPF","Bolsar","integrada","Millones de pesos 2018","inventarios",36690.4875645715
2013,"YPF","Bolsar","integrada","Millones de pesos 2018","KTA",287377.164262897
2013,"YPF","Bolsar","integrada","Millones de pesos 2018","ppye",336493.470610411
2013,"YPF","Bolsar","integrada","Millones de pesos 2018","ppye_neta",248686.572579906
2014,"Camuzzi Gas Pampeana","Bolsar","distribucion","Millones de pesos 2018","activo",3564.1974370647
2014,"Camuzzi Gas Pampeana","Bolsar","distribucion","Millones de pesos 2018","activo_no_corr",2711.32659959932
2014,"Camuzzi Gas Pampeana","Bolsar","distribucion","Millones de pesos 2018","inventarios",9.17981227278753
2014,"Camuzzi Gas Pampeana","Bolsar","distribucion","Millones de pesos 2018","KTA",2223.28120401611
2014,"Camuzzi Gas Pampeana","Bolsar","distribucion","Millones de pesos 2018","ppye",2627.37271568006
2014,"Camuzzi Gas Pampeana","Bolsar","distribucion","Millones de pesos 2018","ppye_neta",2211.16012107394
2014,"Metrogas","Bolsar","distribucion","Millones de pesos 2018","activo",0
2014,"Metrogas","Bolsar","distribucion","Millones de pesos 2018","activo_no_corr",5123.26658515134
2014,"Metrogas","Bolsar","distribucion","Millones de pesos 2018","inventarios",0
2014,"Metrogas","Bolsar","distribucion","Millones de pesos 2018","KTA",4740.54398746565
2014,"Metrogas","Bolsar","distribucion","Millones de pesos 2018","ppye",5076.52251582444
2014,"Metrogas","Bolsar","distribucion","Millones de pesos 2018","ppye_neta",4740.54398746565
2014,"PAE","Bolsar","produccion","Millones de pesos 2018","activo",0
2014,"PAE","Bolsar","produccion","Millones de pesos 2018","activo_no_corr",172736.017461449
2014,"PAE","Bolsar","produccion","Millones de pesos 2018","inventarios",2394.19573436985
2014,"PAE","Bolsar","produccion","Millones de pesos 2018","KTA",341028.009057915
2014,"PAE","Bolsar","produccion","Millones de pesos 2018","ppye",362119.502436772
2014,"PAE","Bolsar","produccion","Millones de pesos 2018","ppye_neta",338380.531253161
2014,"Petrobras","Bolsar","integrada","Millones de pesos 2018","activo",63581.5110675262
2014,"Petrobras","Bolsar","integrada","Millones de pesos 2018","activo_no_corr",40464.5102975182
2014,"Petrobras","Bolsar","integrada","Millones de pesos 2018","inventarios",5077.25638886476
2014,"Petrobras","Bolsar","integrada","Millones de pesos 2018","KTA",31898.8711401002
2014,"Petrobras","Bolsar","integrada","Millones de pesos 2018","ppye",30159.0590930567
2014,"Petrobras","Bolsar","integrada","Millones de pesos 2018","ppye_neta",26284.1053447125
2014,"Tecpetrol","Bolsar","produccion","Millones de pesos 2018","activo",0
2014,"Tecpetrol","Bolsar","produccion","Millones de pesos 2018","activo_no_corr",0
2014,"Tecpetrol","Bolsar","produccion","Millones de pesos 2018","inventarios",0
2014,"Tecpetrol","Bolsar","produccion","Millones de pesos 2018","KTA",0
2014,"Tecpetrol","Bolsar","produccion","Millones de pesos 2018","ppye",0
2014,"Tecpetrol","Bolsar","produccion","Millones de pesos 2018","ppye_neta",0
2014,"TGN","Bolsar","transporte","Millones de pesos 2018","activo",0
2014,"TGN","Bolsar","transporte","Millones de pesos 2018","activo_no_corr",6596.27989640239
2014,"TGN","Bolsar","transporte","Millones de pesos 2018","inventarios",0
2014,"TGN","Bolsar","transporte","Millones de pesos 2018","KTA",4332.29718134224
2014,"TGN","Bolsar","transporte","Millones de pesos 2018","ppye",4623.00198884143
2014,"TGN","Bolsar","transporte","Millones de pesos 2018","ppye_neta",4332.29718134224
2014,"TGS","Bolsar","transporte","Millones de pesos 2018","activo",0
2014,"TGS","Bolsar","transporte","Millones de pesos 2018","activo_no_corr",10970.249095456
2014,"TGS","Bolsar","transporte","Millones de pesos 2018","inventarios",0
2014,"TGS","Bolsar","transporte","Millones de pesos 2018","KTA",9755.07244808992
2014,"TGS","Bolsar","transporte","Millones de pesos 2018","ppye",10623.1271473857
2014,"TGS","Bolsar","transporte","Millones de pesos 2018","ppye_neta",9755.07244808992
2014,"YPF","Bolsar","integrada","Millones de pesos 2018","activo",0
2014,"YPF","Bolsar","integrada","Millones de pesos 2018","activo_no_corr",433177.670400868
2014,"YPF","Bolsar","integrada","Millones de pesos 2018","inventarios",33833.6290679809
2014,"YPF","Bolsar","integrada","Millones de pesos 2018","KTA",288414.825555795
2014,"YPF","Bolsar","integrada","Millones de pesos 2018","ppye",382860.524179085
2014,"YPF","Bolsar","integrada","Millones de pesos 2018","ppye_neta",252998.82706953
2015,"Camuzzi Gas Pampeana","Bolsar","distribucion","Millones de pesos 2018","activo",3826.0997702601
2015,"Camuzzi Gas Pampeana","Bolsar","distribucion","Millones de pesos 2018","activo_no_corr",2282.3604309218
2015,"Camuzzi Gas Pampeana","Bolsar","distribucion","Millones de pesos 2018","inventarios",24.7645037777374
2015,"Camuzzi Gas Pampeana","Bolsar","distribucion","Millones de pesos 2018","KTA",1933.87083714924
2015,"Camuzzi Gas Pampeana","Bolsar","distribucion","Millones de pesos 2018","ppye",2213.34084696296
2015,"Camuzzi Gas Pampeana","Bolsar","distribucion","Millones de pesos 2018","ppye_neta",1900.79959368943
2015,"Metrogas","Bolsar","distribucion","Millones de pesos 2018","activo",0
2015,"Metrogas","Bolsar","distribucion","Millones de pesos 2018","activo_no_corr",4457.36793502713
2015,"Metrogas","Bolsar","distribucion","Millones de pesos 2018","inventarios",0
2015,"Metrogas","Bolsar","distribucion","Millones de pesos 2018","KTA",4031.59170269396
2015,"Metrogas","Bolsar","distribucion","Millones de pesos 2018","ppye",4269.87695434466
2015,"Metrogas","Bolsar","distribucion","Millones de pesos 2018","ppye_neta",4031.59170269396
2015,"PAE","Bolsar","produccion","Millones de pesos 2018","activo",0
2015,"PAE","Bolsar","produccion","Millones de pesos 2018","activo_no_corr",232221.767798475
2015,"PAE","Bolsar","produccion","Millones de pesos 2018","inventarios",0
2015,"PAE","Bolsar","produccion","Millones de pesos 2018","KTA",323844.319151097
2015,"PAE","Bolsar","produccion","Millones de pesos 2018","ppye",357866.858080471
2015,"PAE","Bolsar","produccion","Millones de pesos 2018","ppye_neta",323844.319151097
2015,"Petrobras","Bolsar","integrada","Millones de pesos 2018","activo",59826.785231643
2015,"Petrobras","Bolsar","integrada","Millones de pesos 2018","activo_no_corr",37737.9391738521
2015,"Petrobras","Bolsar","integrada","Millones de pesos 2018","inventarios",4379.52546803449
2015,"Petrobras","Bolsar","integrada","Millones de pesos 2018","KTA",30850.4163100682
2015,"Petrobras","Bolsar","integrada","Millones de pesos 2018","ppye",29143.3774572398
2015,"Petrobras","Bolsar","integrada","Millones de pesos 2018","ppye_neta",25896.7714882133
2015,"Tecpetrol","Bolsar","produccion","Millones de pesos 2018","activo",0
2015,"Tecpetrol","Bolsar","produccion","Millones de pesos 2018","activo_no_corr",7462.78336156428
2015,"Tecpetrol","Bolsar","produccion","Millones de pesos 2018","inventarios",322.458497477174
2015,"Tecpetrol","Bolsar","produccion","Millones de pesos 2018","KTA",5839.29755077651
2015,"Tecpetrol","Bolsar","produccion","Millones de pesos 2018","ppye",6130.49676022906
2015,"Tecpetrol","Bolsar","produccion","Millones de pesos 2018","ppye_neta",5438.89155644717
2015,"TGN","Bolsar","transporte","Millones de pesos 2018","activo",0
2015,"TGN","Bolsar","transporte","Millones de pesos 2018","activo_no_corr",6436.32539761916
2015,"TGN","Bolsar","transporte","Millones de pesos 2018","inventarios",0
2015,"TGN","Bolsar","transporte","Millones de pesos 2018","KTA",3438.5566636715
2015,"TGN","Bolsar","transporte","Millones de pesos 2018","ppye",3791.88567541021
2015,"TGN","Bolsar","transporte","Millones de pesos 2018","ppye_neta",3438.5566636715
2015,"TGS","Bolsar","transporte","Millones de pesos 2018","activo",0
2015,"TGS","Bolsar","transporte","Millones de pesos 2018","activo_no_corr",9130.41207849063
2015,"TGS","Bolsar","transporte","Millones de pesos 2018","inventarios",0
2015,"TGS","Bolsar","transporte","Millones de pesos 2018","KTA",7702.31667516761
2015,"TGS","Bolsar","transporte","Millones de pesos 2018","ppye",8675.81939102389
2015,"TGS","Bolsar","transporte","Millones de pesos 2018","ppye_neta",7702.31667516761
2015,"YPF","Bolsar","integrada","Millones de pesos 2018","activo",0
2015,"YPF","Bolsar","integrada","Millones de pesos 2018","activo_no_corr",589035.894874423
2015,"YPF","Bolsar","integrada","Millones de pesos 2018","inventarios",39596.6673537128
2015,"YPF","Bolsar","integrada","Millones de pesos 2018","KTA",432463.012581736
2015,"YPF","Bolsar","integrada","Millones de pesos 2018","ppye",563626.42269885
2015,"YPF","Bolsar","integrada","Millones de pesos 2018","ppye_neta",389202.054386971
2016,"Camuzzi Gas Pampeana","Bolsar","distribucion","Millones de pesos 2018","activo",4961.99876543983
2016,"Camuzzi Gas Pampeana","Bolsar","distribucion","Millones de pesos 2018","activo_no_corr",1983.16670856702
2016,"Camuzzi Gas Pampeana","Bolsar","distribucion","Millones de pesos 2018","inventarios",29.405900150202
2016,"Camuzzi Gas Pampeana","Bolsar","distribucion","Millones de pesos 2018","KTA",1518.70313851966
2016,"Camuzzi Gas Pampeana","Bolsar","distribucion","Millones de pesos 2018","ppye",1784.2798758961
2016,"Camuzzi Gas Pampeana","Bolsar","distribucion","Millones de pesos 2018","ppye_neta",1482.49894196174
2016,"Metrogas","Bolsar","distribucion","Millones de pesos 2018","activo",0
2016,"Metrogas","Bolsar","distribucion","Millones de pesos 2018","activo_no_corr",3806.05719515627
2016,"Metrogas","Bolsar","distribucion","Millones de pesos 2018","inventarios",0
2016,"Metrogas","Bolsar","distribucion","Millones de pesos 2018","KTA",3080.95298957774
2016,"Metrogas","Bolsar","distribucion","Millones de pesos 2018","ppye",3606.16417925794
2016,"Metrogas","Bolsar","distribucion","Millones de pesos 2018","ppye_neta",3080.95298957774
2016,"PAE","Bolsar","produccion","Millones de pesos 2018","activo",0
2016,"PAE","Bolsar","produccion","Millones de pesos 2018","activo_no_corr",202498.887807631
2016,"PAE","Bolsar","produccion","Millones de pesos 2018","inventarios",0
2016,"PAE","Bolsar","produccion","Millones de pesos 2018","KTA",511689.067302428
2016,"PAE","Bolsar","produccion","Millones de pesos 2018","ppye",629417.950455538
2016,"PAE","Bolsar","produccion","Millones de pesos 2018","ppye_neta",511689.067302428
2016,"Petrobras","Bolsar","integrada","Millones de pesos 2018","activo",53560.2122415668
2016,"Petrobras","Bolsar","integrada","Millones de pesos 2018","activo_no_corr",28605.4002719085
2016,"Petrobras","Bolsar","integrada","Millones de pesos 2018","inventarios",4263.21236270076
2016,"Petrobras","Bolsar","integrada","Millones de pesos 2018","KTA",22713.7604624919
2016,"Petrobras","Bolsar","integrada","Millones de pesos 2018","ppye",19561.0566548217
2016,"Petrobras","Bolsar","integrada","Millones de pesos 2018","ppye_neta",17863.762458356
2016,"Tecpetrol","Bolsar","produccion","Millones de pesos 2018","activo",0
2016,"Tecpetrol","Bolsar","produccion","Millones de pesos 2018","activo_no_corr",7674.03973253895
2016,"Tecpetrol","Bolsar","produccion","Millones de pesos 2018","inventarios",344.82743854753
2016,"Tecpetrol","Bolsar","produccion","Millones de pesos 2018","KTA",5882.24989922575
2016,"Tecpetrol","Bolsar","produccion","Millones de pesos 2018","ppye",6860.63331546461
2016,"Tecpetrol","Bolsar","produccion","Millones de pesos 2018","ppye_neta",5446.97518037792
2016,"TGN","Bolsar","transporte","Millones de pesos 2018","activo",0
2016,"TGN","Bolsar","transporte","Millones de pesos 2018","activo_no_corr",5481.14007001001
2016,"TGN","Bolsar","transporte","Millones de pesos 2018","inventarios",0
2016,"TGN","Bolsar","transporte","Millones de pesos 2018","KTA",2647.91952447143
2016,"TGN","Bolsar","transporte","Millones de pesos 2018","ppye",2974.20398692836
2016,"TGN","Bolsar","transporte","Millones de pesos 2018","ppye_neta",2647.91952447143
2016,"TGS","Bolsar","transporte","Millones de pesos 2018","activo",0
2016,"TGS","Bolsar","transporte","Millones de pesos 2018","activo_no_corr",8263.41219428938
2016,"TGS","Bolsar","transporte","Millones de pesos 2018","inventarios",0
2016,"TGS","Bolsar","transporte","Millones de pesos 2018","KTA",6686.09464896667
2016,"TGS","Bolsar","transporte","Millones de pesos 2018","ppye",7892.11318130369
2016,"TGS","Bolsar","transporte","Millones de pesos 2018","ppye_neta",6686.09464896667
2016,"YPF","Bolsar","integrada","Millones de pesos 2018","activo",0
2016,"YPF","Bolsar","integrada","Millones de pesos 2018","activo_no_corr",494113.859655154
2016,"YPF","Bolsar","integrada","Millones de pesos 2018","inventarios",32288.5434759218
2016,"YPF","Bolsar","integrada","Millones de pesos 2018","KTA",452382.983236222
2016,"YPF","Bolsar","integrada","Millones de pesos 2018","ppye",511524.813025351
2016,"YPF","Bolsar","integrada","Millones de pesos 2018","ppye_neta",417404.152723518
2017,"Camuzzi Gas Pampeana","Bolsar","distribucion","Millones de pesos 2018","activo",6504.31719023396
2017,"Camuzzi Gas Pampeana","Bolsar","distribucion","Millones de pesos 2018","activo_no_corr",1697.95988625493
2017,"Camuzzi Gas Pampeana","Bolsar","distribucion","Millones de pesos 2018","inventarios",52.4364139410542
2017,"Camuzzi Gas Pampeana","Bolsar","distribucion","Millones de pesos 2018","KTA",1410.38024994334
2017,"Camuzzi Gas Pampeana","Bolsar","distribucion","Millones de pesos 2018","ppye",1566.52363385026
2017,"Camuzzi Gas Pampeana","Bolsar","distribucion","Millones de pesos 2018","ppye_neta",1346.38758647174
2017,"Metrogas","Bolsar","distribucion","Millones de pesos 2018","activo",0
2017,"Metrogas","Bolsar","distribucion","Millones de pesos 2018","activo_no_corr",19118.7649741976
2017,"Metrogas","Bolsar","distribucion","Millones de pesos 2018","inventarios",0
2017,"Metrogas","Bolsar","distribucion","Millones de pesos 2018","KTA",18609.2064720471
2017,"Metrogas","Bolsar","distribucion","Millones de pesos 2018","ppye",18814.9530971471
2017,"Metrogas","Bolsar","distribucion","Millones de pesos 2018","ppye_neta",18609.2064720471
2017,"PAE","Bolsar","produccion","Millones de pesos 2018","activo",0
2017,"PAE","Bolsar","produccion","Millones de pesos 2018","activo_no_corr",195740.82317893
2017,"PAE","Bolsar","produccion","Millones de pesos 2018","inventarios",0
2017,"PAE","Bolsar","produccion","Millones de pesos 2018","KTA",0
2017,"PAE","Bolsar","produccion","Millones de pesos 2018","ppye",0
2017,"PAE","Bolsar","produccion","Millones de pesos 2018","ppye_neta",0
2017,"Tecpetrol","Bolsar","produccion","Millones de pesos 2018","activo",0
2017,"Tecpetrol","Bolsar","produccion","Millones de pesos 2018","activo_no_corr",19416.37073612
2017,"Tecpetrol","Bolsar","produccion","Millones de pesos 2018","inventarios",306.901745420868
2017,"Tecpetrol","Bolsar","produccion","Millones de pesos 2018","KTA",7081.14510940715
2017,"Tecpetrol","Bolsar","produccion","Millones de pesos 2018","ppye",18436.2601725737
2017,"Tecpetrol","Bolsar","produccion","Millones de pesos 2018","ppye_neta",6700.27944318827
2017,"TGN","Bolsar","transporte","Millones de pesos 2018","activo",0
2017,"TGN","Bolsar","transporte","Millones de pesos 2018","activo_no_corr",28083.8447927969
2017,"TGN","Bolsar","transporte","Millones de pesos 2018","inventarios",0
2017,"TGN","Bolsar","transporte","Millones de pesos 2018","KTA",25184.4979219623
2017,"TGN","Bolsar","transporte","Millones de pesos 2018","ppye",26014.091009371
2017,"TGN","Bolsar","transporte","Millones de pesos 2018","ppye_neta",25184.4979219623
2017,"TGS","Bolsar","transporte","Millones de pesos 2018","activo",0
2017,"TGS","Bolsar","transporte","Millones de pesos 2018","activo_no_corr",7809.90668950512
2017,"TGS","Bolsar","transporte","Millones de pesos 2018","inventarios",0
2017,"TGS","Bolsar","transporte","Millones de pesos 2018","KTA",6324.60564494645
2017,"TGS","Bolsar","transporte","Millones de pesos 2018","ppye",7770.06693151425
2017,"TGS","Bolsar","transporte","Millones de pesos 2018","ppye_neta",6324.60564494645
2017,"YPF","Bolsar","integrada","Millones de pesos 2018","activo",0
2017,"YPF","Bolsar","integrada","Millones de pesos 2018","activo_no_corr",459727.330449831
2017,"YPF","Bolsar","integrada","Millones de pesos 2018","inventarios",32722.3894823075
2017,"YPF","Bolsar","integrada","Millones de pesos 2018","KTA",407310.247902207
2017,"YPF","Bolsar","integrada","Millones de pesos 2018","ppye",458780.106541179
2017,"YPF","Bolsar","integrada","Millones de pesos 2018","ppye_neta",372842.917674321
2018,"Camuzzi Gas Pampeana","Bolsar","distribucion","Millones de pesos 2018","activo",19666.874804
2018,"Camuzzi Gas Pampeana","Bolsar","distribucion","Millones de pesos 2018","activo_no_corr",12556.380441
2018,"Camuzzi Gas Pampeana","Bolsar","distribucion","Millones de pesos 2018","inventarios",125.565652
2018,"Camuzzi Gas Pampeana","Bolsar","distribucion","Millones de pesos 2018","KTA",7750.21717774528
2018,"Camuzzi Gas Pampeana","Bolsar","distribucion","Millones de pesos 2018","ppye",8530.657247
2018,"Camuzzi Gas Pampeana","Bolsar","distribucion","Millones de pesos 2018","ppye_neta",7609.487748
2018,"Metrogas","Bolsar","distribucion","Millones de pesos 2018","activo",0
2018,"Metrogas","Bolsar","distribucion","Millones de pesos 2018","activo_no_corr",28233.94
2018,"Metrogas","Bolsar","distribucion","Millones de pesos 2018","inventarios",0
2018,"Metrogas","Bolsar","distribucion","Millones de pesos 2018","KTA",21321.429
2018,"Metrogas","Bolsar","distribucion","Millones de pesos 2018","ppye",23855.254
2018,"Metrogas","Bolsar","distribucion","Millones de pesos 2018","ppye_neta",21321.429
2018,"PAE","Bolsar","produccion","Millones de pesos 2018","activo",0
2018,"PAE","Bolsar","produccion","Millones de pesos 2018","activo_no_corr",407735
2018,"PAE","Bolsar","produccion","Millones de pesos 2018","inventarios",0
2018,"PAE","Bolsar","produccion","Millones de pesos 2018","KTA",0
2018,"PAE","Bolsar","produccion","Millones de pesos 2018","ppye",0
2018,"PAE","Bolsar","produccion","Millones de pesos 2018","ppye_neta",0
2018,"Tecpetrol","Bolsar","produccion","Millones de pesos 2018","activo",0
2018,"Tecpetrol","Bolsar","produccion","Millones de pesos 2018","activo_no_corr",67583.445
2018,"Tecpetrol","Bolsar","produccion","Millones de pesos 2018","inventarios",847.572
2018,"Tecpetrol","Bolsar","produccion","Millones de pesos 2018","KTA",54139.3036905869
2018,"Tecpetrol","Bolsar","produccion","Millones de pesos 2018","ppye",62487.893
2018,"Tecpetrol","Bolsar","produccion","Millones de pesos 2018","ppye_neta",53250.446
2018,"TGN","Bolsar","transporte","Millones de pesos 2018","activo",0
2018,"TGN","Bolsar","transporte","Millones de pesos 2018","activo_no_corr",39327.977
2018,"TGN","Bolsar","transporte","Millones de pesos 2018","inventarios",0
2018,"TGN","Bolsar","transporte","Millones de pesos 2018","KTA",33094.378
2018,"TGN","Bolsar","transporte","Millones de pesos 2018","ppye",35558.844
2018,"TGN","Bolsar","transporte","Millones de pesos 2018","ppye_neta",33094.378
2018,"TGS","Bolsar","transporte","Millones de pesos 2018","activo",0
2018,"TGS","Bolsar","transporte","Millones de pesos 2018","activo_no_corr",38779.711
2018,"TGS","Bolsar","transporte","Millones de pesos 2018","inventarios",0
2018,"TGS","Bolsar","transporte","Millones de pesos 2018","KTA",32586.828
2018,"TGS","Bolsar","transporte","Millones de pesos 2018","ppye",38685.519
2018,"TGS","Bolsar","transporte","Millones de pesos 2018","ppye_neta",32586.828
2018,"YPF","Bolsar","integrada","Millones de pesos 2018","activo",0
2018,"YPF","Bolsar","integrada","Millones de pesos 2018","activo_no_corr",785601
2018,"YPF","Bolsar","integrada","Millones de pesos 2018","inventarios",53324
2018,"YPF","Bolsar","integrada","Millones de pesos 2018","KTA",647094.392852574
2018,"YPF","Bolsar","integrada","Millones de pesos 2018","ppye",740103
2018,"YPF","Bolsar","integrada","Millones de pesos 2018","ppye_neta",589789
